Field_ID,Description,Unit,generation_rule,missingness_assumption
21022,Age at recruitment,years,"TN(55,8;39,70); a=(age−55)/10",None
31,Gender,binary code,"Bernoulli(0.48); assumed 0=female, 1=male",None
699,Length of time at current address,years,"clip(12+5 a+6 Z,0,age)",Shared questionnaire missingness Bernoulli(0.010); Per-item questionnaire missingness probability0.015+0.01 σ(−access)
709,Number in household,persons,1+Bernoulli(σ(1.2−0.25 a))+Bernoulli(σ(−0.6−0.9 a))+Bernoulli(σ(−1.5−0.9 a)),Shared questionnaire missingness Bernoulli(0.010); Per-item questionnaire missingness probability0.015+0.01 σ(−access)
796,Distance between home and job workplace,miles,"employed × clip(exp(1.8+0.30 access+0.70 Z),0.2,120)",Shared questionnaire missingness Bernoulli(0.010); Per-item questionnaire missingness probability0.015+0.01 σ(−access)
757,Time employed in main current job,years,"employed × clip(10+3.5 a+3 Z,0,age−education)",Shared questionnaire missingness Bernoulli(0.010); Per-item questionnaire missingness probability0.015+0.01 σ(−access)
767,Length of working week for main job,hours,"employed × clip(36+4 sex+7 Z,8,65)",Shared questionnaire missingness Bernoulli(0.010); Per-item questionnaire missingness probability0.015+0.01 σ(−access)
777,Frequency of travelling from home to job workplace,times/week,"employed × clip(round(workhours/8+0.5 Z),1,6)",Shared questionnaire missingness Bernoulli(0.010); Per-item questionnaire missingness probability0.015+0.01 σ(−access)
845,Age completed full time education,years,"clip(round(18+2.5 access−0.35 a+1.4 Z),12,30)",Shared questionnaire missingness Bernoulli(0.010); Per-item questionnaire missingness probability0.015+0.01 σ(−access)
4079,"Diastolic blood pressure, automated reading",mmHg,"clip(76+0.75(BMI−25)+1.3 a+2 inflammation−1.2 activity+5 Z,55,110)",Shared physical-visit missingness Bernoulli(0.005); Independent physical-item missingness Bernoulli(0.006)
4080,"Systolic blood pressure, automated reading",mmHg,"diastolic+clip(41+3 a+0.30(BMI−25)+5 Z,25,72)",Shared physical-visit missingness Bernoulli(0.005); Independent physical-item missingness Bernoulli(0.006)
102,"Pulse rate, automated reading",bpm,"clip(70−3 activity+2 current+1.5 inflammation+6 Z,45,110)",Shared physical-visit missingness Bernoulli(0.005); Independent physical-item missingness Bernoulli(0.006)
46,Hand grip strength (left),kg,"clip(right_grip−1+0.8 Z,4,75)",Shared physical-visit missingness Bernoulli(0.005); Independent physical-item missingness Bernoulli(0.006)
47,Hand grip strength (right),kg,"clip(23+13 sex+0.23(lean−45)+1.8 muscle−1.3 a+2 Z,5,70)",Shared physical-visit missingness Bernoulli(0.005); Independent physical-item missingness Bernoulli(0.006)
48,Waist circumference,cm,"clip(79+2.1(BMI−23)+6 sex+0.8 a+3 Z,60,150)",Shared physical-visit missingness Bernoulli(0.005); Independent physical-item missingness Bernoulli(0.006)
21002,Weight,kg,"clip([18+25 σ(−0.75+0.55 adip+0.16 a)](height/100)²,46,160)",Shared physical-visit missingness Bernoulli(0.005); Independent physical-item missingness Bernoulli(0.006)
21001,Body mass index (BMI),kg/m^2,"weight/(height/100)², exact before float32 export",Shared physical-visit missingness Bernoulli(0.005); Independent physical-item missingness Bernoulli(0.006)
49,Hip circumference,cm,"clip(94+1.6(BMI−23)+3(1−sex)+3 Z,77,160)",Shared physical-visit missingness Bernoulli(0.005); Independent physical-item missingness Bernoulli(0.006)
50,Standing height,cm,"clip(162+13 sex−0.05(age−55)+6.2 Z,145,194)",Shared physical-visit missingness Bernoulli(0.005); Independent physical-item missingness Bernoulli(0.006)
20015,Sitting height,cm,"clip(height(0.522+0.009 Z),70,110)",Shared physical-visit missingness Bernoulli(0.005); Independent physical-item missingness Bernoulli(0.006)
23115,Leg fat percentage (left),%,100 segment_fat/(segment_fat+segment_lean),Shared physical-visit missingness Bernoulli(0.005); Shared impedance-session missingness Bernoulli(0.018)
23111,Leg fat percentage (right),%,100 segment_fat/(segment_fat+segment_lean),Shared physical-visit missingness Bernoulli(0.005); Shared impedance-session missingness Bernoulli(0.018)
23116,Leg fat mass (left),kg,whole_fat × (0.18+f+0.5s); share symbols defined in MODEL_SPEC,Shared physical-visit missingness Bernoulli(0.005); Shared impedance-session missingness Bernoulli(0.018)
23112,Leg fat mass (right),kg,whole_fat × (0.18+f−0.5s); share symbols defined in MODEL_SPEC,Shared physical-visit missingness Bernoulli(0.005); Shared impedance-session missingness Bernoulli(0.018)
23117,Leg fat-free mass (left),kg,whole_lean × (0.185+l+s); share symbols defined in MODEL_SPEC,Shared physical-visit missingness Bernoulli(0.005); Shared impedance-session missingness Bernoulli(0.018)
23113,Leg fat-free mass (right),kg,whole_lean × (0.185+l−s); share symbols defined in MODEL_SPEC,Shared physical-visit missingness Bernoulli(0.005); Shared impedance-session missingness Bernoulli(0.018)
23118,Leg predicted mass (left),kg,0.96 segment_lean; assumed muscle-like predicted mass excludes4% other lean tissue,Shared physical-visit missingness Bernoulli(0.005); Shared impedance-session missingness Bernoulli(0.018)
23114,Leg predicted mass (right),kg,0.96 segment_lean; assumed muscle-like predicted mass excludes4% other lean tissue,Shared physical-visit missingness Bernoulli(0.005); Shared impedance-session missingness Bernoulli(0.018)
23123,Arm fat percentage (left),%,100 segment_fat/(segment_fat+segment_lean),Shared physical-visit missingness Bernoulli(0.005); Shared impedance-session missingness Bernoulli(0.018)
23119,Arm fat percentage (right),%,100 segment_fat/(segment_fat+segment_lean),Shared physical-visit missingness Bernoulli(0.005); Shared impedance-session missingness Bernoulli(0.018)
23124,Arm fat mass (left),kg,whole_fat × (0.045+g+0.5s); share symbols defined in MODEL_SPEC,Shared physical-visit missingness Bernoulli(0.005); Shared impedance-session missingness Bernoulli(0.018)
23120,Arm fat mass (right),kg,whole_fat × (0.045+g−0.5s); share symbols defined in MODEL_SPEC,Shared physical-visit missingness Bernoulli(0.005); Shared impedance-session missingness Bernoulli(0.018)
23121,Arm fat-free mass (right),kg,whole_lean × (0.060+r−s); share symbols defined in MODEL_SPEC,Shared physical-visit missingness Bernoulli(0.005); Shared impedance-session missingness Bernoulli(0.018)
23125,Arm fat-free mass (left),kg,whole_lean × (0.060+r+s); share symbols defined in MODEL_SPEC,Shared physical-visit missingness Bernoulli(0.005); Shared impedance-session missingness Bernoulli(0.018)
23126,Arm predicted mass (left),kg,0.96 segment_lean; assumed muscle-like predicted mass excludes4% other lean tissue,Shared physical-visit missingness Bernoulli(0.005); Shared impedance-session missingness Bernoulli(0.018)
23122,Arm predicted mass (right),kg,0.96 segment_lean; assumed muscle-like predicted mass excludes4% other lean tissue,Shared physical-visit missingness Bernoulli(0.005); Shared impedance-session missingness Bernoulli(0.018)
23127,Trunk fat percentage,%,100 segment_fat/(segment_fat+segment_lean),Shared physical-visit missingness Bernoulli(0.005); Shared impedance-session missingness Bernoulli(0.018)
23128,Trunk fat mass,kg,whole_fat × (0.50+0.010 tanh(Z)); share symbols defined in MODEL_SPEC,Shared physical-visit missingness Bernoulli(0.005); Shared impedance-session missingness Bernoulli(0.018)
23129,Trunk fat-free mass,kg,whole_lean × (0.46+0.008 tanh(Z)); share symbols defined in MODEL_SPEC,Shared physical-visit missingness Bernoulli(0.005); Shared impedance-session missingness Bernoulli(0.018)
23130,Trunk predicted mass,kg,0.96 segment_lean; assumed muscle-like predicted mass excludes4% other lean tissue,Shared physical-visit missingness Bernoulli(0.005); Shared impedance-session missingness Bernoulli(0.018)
23105,Basal metabolic rate,kJ/day,"4.184(370+21.6 lean), assumed energy scaling in kJ/day",Shared physical-visit missingness Bernoulli(0.005); Shared impedance-session missingness Bernoulli(0.018)
23099,Body fat percentage,%,"100 p; p=clip(0.20+0.012(BMI−23)+0.105(1−sex)+0.018 a+0.025 Z,max(0.09,5.1/weight,1−87.5/weight),min(0.49,1−36/weight))",Shared physical-visit missingness Bernoulli(0.005); Shared impedance-session missingness Bernoulli(0.018)
23100,Whole body fat mass,kg,weight × p,Shared physical-visit missingness Bernoulli(0.005); Shared impedance-session missingness Bernoulli(0.018)
23101,Whole body fat-free mass,kg,weight × (1−p); weight=fat+lean,Shared physical-visit missingness Bernoulli(0.005); Shared impedance-session missingness Bernoulli(0.018)
23102,Whole body water mass,kg,"lean × clip(0.732+0.008 hydration,0.71,0.75)",Shared physical-visit missingness Bernoulli(0.005); Shared impedance-session missingness Bernoulli(0.018)
23106,Impedance of whole body,ohm,"clip(0.8 height²/whole_water × conductivity,314,973); conductivity=exp(0.04 Z)",Shared physical-visit missingness Bernoulli(0.005); Shared impedance-session missingness Bernoulli(0.018)
23110,Impedance of arm (left),ohm,"clip(0.032 height²/(segment_lean × 0.732) × conductivity × exp(0.025 Z),dictionary bounds)",Shared physical-visit missingness Bernoulli(0.005); Shared impedance-session missingness Bernoulli(0.018)
23109,Impedance of arm (right),ohm,"clip(0.032 height²/(segment_lean × 0.732) × conductivity × exp(0.025 Z),dictionary bounds)",Shared physical-visit missingness Bernoulli(0.005); Shared impedance-session missingness Bernoulli(0.018)
23108,Impedance of leg (left),ohm,"clip(0.07 height²/(segment_lean × 0.732) × conductivity × exp(0.025 Z),dictionary bounds)",Shared physical-visit missingness Bernoulli(0.005); Shared impedance-session missingness Bernoulli(0.018)
23107,Impedance of leg (right),ohm,"clip(0.07 height²/(segment_lean × 0.732) × conductivity × exp(0.025 Z),dictionary bounds)",Shared physical-visit missingness Bernoulli(0.005); Shared impedance-session missingness Bernoulli(0.018)
3062,Forced vital capacity (FVC),L,"clip(3.6+0.055(height−165)+0.3 sex−0.035(age−55)+0.12 activity−0.006 pack_years+0.3 Z,1.5,6.4)",Shared physical-visit missingness Bernoulli(0.005); Independent physical-item missingness Bernoulli(0.006)
3063,Forced expiratory volume in 1-second (FEV1),L,"FVC × clip(0.80−0.0015(age−55)−0.0007 pack_years+0.035 Z,0.55,0.94)",Shared physical-visit missingness Bernoulli(0.005); Independent physical-item missingness Bernoulli(0.006)
20258,FEV1/ FVC ratio Z-score,z-score,"clip([FEV1/FVC−(0.80−0.0015(age−55))]/0.065,−3.687,4.931); synthetic reference Z",Shared physical-visit missingness Bernoulli(0.005); Independent physical-item missingness Bernoulli(0.006)
3064,Peak expiratory flow (PEF),L/min,"clip(100 FVC × (ratio/0.8) × exp(0.08 Z),100,850) L/min",Shared physical-visit missingness Bernoulli(0.005); Independent physical-item missingness Bernoulli(0.006)
20022,Birth weight,kg,"clip(3.35+0.12 sex−0.7 multiple_birth−0.22 maternal_smoking+0.45 Z,1.2,5.5)",Shared physical-visit missingness Bernoulli(0.005); Independent physical-item missingness Bernoulli(0.006)
2634,Duration of heavy DIY,category code,"O(0.6[0.65 activity+0.20(1−employed)+-0.6+0.5 Z];1,…,7), increasing duration assumed",Shared questionnaire missingness Bernoulli(0.010); Per-item questionnaire missingness probability0.015+0.01 σ(−access)
2624,Frequency of heavy DIY in last 4 weeks,category code,"O(0.65 activity+0.20(1−employed)+-0.6+0.5 Z;1,…,6), increasing frequency assumed",Shared questionnaire missingness Bernoulli(0.010); Per-item questionnaire missingness probability0.015+0.01 σ(−access)
1021,Duration of light DIY,category code,"O(0.6[0.65 activity+0.20(1−employed)+0.1+0.5 Z];1,…,7), increasing duration assumed",Shared questionnaire missingness Bernoulli(0.010); Per-item questionnaire missingness probability0.015+0.01 σ(−access)
1011,Frequency of light DIY in last 4 weeks,category code,"O(0.65 activity+0.20(1−employed)+0.1+0.5 Z;1,…,6), increasing frequency assumed",Shared questionnaire missingness Bernoulli(0.010); Per-item questionnaire missingness probability0.015+0.01 σ(−access)
894,Duration of moderate activity,minutes/day,"0 if corresponding days=0; otherwise clip(35 exp(0.2 activity+0.45 Z),10,180)",Shared questionnaire missingness Bernoulli(0.010); Per-item questionnaire missingness probability0.015+0.01 σ(−access)
3647,Duration of other exercises,category code,"O(0.6[0.65 activity+0.20(1−employed)+-0.1+0.5 Z];1,…,7), increasing duration assumed",Shared questionnaire missingness Bernoulli(0.010); Per-item questionnaire missingness probability0.015+0.01 σ(−access)
3637,Frequency of other exercises in last 4 weeks,category code,"O(0.65 activity+0.20(1−employed)+-0.1+0.5 Z;1,…,6), increasing frequency assumed",Shared questionnaire missingness Bernoulli(0.010); Per-item questionnaire missingness probability0.015+0.01 σ(−access)
914,Duration of vigorous activity,minutes/day,"0 if corresponding days=0; otherwise clip(25 exp(0.25 activity+0.45 Z),10,180)",Shared questionnaire missingness Bernoulli(0.010); Per-item questionnaire missingness probability0.015+0.01 σ(−access)
874,Duration of walks,minutes/day,"0 if corresponding days=0; otherwise clip(45 exp(0.2 activity+0.45 Z),10,180)",Shared questionnaire missingness Bernoulli(0.010); Per-item questionnaire missingness probability0.015+0.01 σ(−access)
981,Duration walking for pleasure,category code,"O(0.6[0.65 activity+0.20(1−employed)+0.5+0.5 Z];1,…,7), increasing duration assumed",Shared questionnaire missingness Bernoulli(0.010); Per-item questionnaire missingness probability0.015+0.01 σ(−access)
971,Frequency of walking for pleasure in last 4 weeks,category code,"O(0.65 activity+0.20(1−employed)+0.5+0.5 Z;1,…,6), increasing frequency assumed",Shared questionnaire missingness Bernoulli(0.010); Per-item questionnaire missingness probability0.015+0.01 σ(−access)
943,Frequency of stair climbing in last 4 weeks,category code,"O(0.6 activity−0.2 a;0,…,5), increasing stair use assumed",Shared questionnaire missingness Bernoulli(0.010); Per-item questionnaire missingness probability0.015+0.01 σ(−access)
884,Number of days/week of moderate physical activity 10+ minutes,days/week,"clip(round(3+1.25 activity+Z),0,7)",Shared questionnaire missingness Bernoulli(0.010); Per-item questionnaire missingness probability0.015+0.01 σ(−access)
904,Number of days/week of vigorous physical activity 10+ minutes,days/week,"clip(round(1.8+1.2 activity−0.25 a+Z),0,7)",Shared questionnaire missingness Bernoulli(0.010); Per-item questionnaire missingness probability0.015+0.01 σ(−access)
864,Number of days/week walked 10+ minutes,days/week,"clip(round(5+activity+Z),0,7)",Shared questionnaire missingness Bernoulli(0.010); Per-item questionnaire missingness probability0.015+0.01 σ(−access)
1090,Time spent driving,hours/day,"clip(round(commute/25 × employed+0.35 σ(drive)),0,4)",Shared questionnaire missingness Bernoulli(0.010); Per-item questionnaire missingness probability0.015+0.01 σ(−access)
1080,Time spent using computer,hours/day,"clip(round(2+0.8 digital+0.3 employed+0.7 Z),0,6)",Shared questionnaire missingness Bernoulli(0.010); Per-item questionnaire missingness probability0.015+0.01 σ(−access)
1070,Time spent watching television (TV),hours/day,"clip(round(2.5+0.4 a−0.5 activity+0.7 Z),0,6); capped at24−sleep−driving−computer hours",Shared questionnaire missingness Bernoulli(0.010); Per-item questionnaire missingness probability0.015+0.01 σ(−access)
924,Usual walking pace,category code,"O(0.8 activity−0.25 a−0.15 adip;1,2,3), assumed slow/steady/brisk",Shared questionnaire missingness Bernoulli(0.010); Per-item questionnaire missingness probability0.015+0.01 σ(−access)
1120,Weekly usage of mobile phone in last 3 months,category code,"O(digital;0,…,5), increasing use assumed",Shared questionnaire missingness Bernoulli(0.010); Per-item questionnaire missingness probability0.015+0.01 σ(−access)
1130,Hands-free device/speakerphone use with mobile phone in last 3 month,category code,"O(0.5 digital+0.3 driving;0,…,4), increasing use assumed",Shared questionnaire missingness Bernoulli(0.010); Per-item questionnaire missingness probability0.015+0.01 σ(−access)
2237,Plays computer games,category code,"O(0.8 digital+0.15 sex−0.6;0,1,2), increasing engagement assumed",Shared questionnaire missingness Bernoulli(0.010); Per-item questionnaire missingness probability0.015+0.01 σ(−access)
1160,Sleep duration,hours/day,"clip(round(7.2+0.5 sleep_quality−0.15 employed+0.7 Z),4,10)",Shared questionnaire missingness Bernoulli(0.010); Per-item questionnaire missingness probability0.015+0.01 σ(−access)
1170,Getting up in morning,category code,"O(chronotype−0.5 sleep_quality;1,…,4), increasing waking difficulty assumed",Shared questionnaire missingness Bernoulli(0.010); Per-item questionnaire missingness probability0.015+0.01 σ(−access)
1180,Morning/evening person (chronotype),category code,"O(chronotype;1,…,4), morning-to-evening assumed",Shared questionnaire missingness Bernoulli(0.010); Per-item questionnaire missingness probability0.015+0.01 σ(−access)
1190,Nap during day,category code,"O(0.35 a−0.5 sleep_quality−0.6;1,2,3), increasing frequency assumed",Shared questionnaire missingness Bernoulli(0.010); Per-item questionnaire missingness probability0.015+0.01 σ(−access)
1200,Sleeplessness / insomnia,category code,"O(−0.8 sleep_quality−0.3;1,2,3), increasing frequency assumed",Shared questionnaire missingness Bernoulli(0.010); Per-item questionnaire missingness probability0.015+0.01 σ(−access)
1210,Snoring,category code,"1 with probability σ(−0.5+0.65 adip+0.5 sex), otherwise2; assumed yes/no",Shared questionnaire missingness Bernoulli(0.010); Per-item questionnaire missingness probability0.015+0.01 σ(−access)
1220,Daytime dozing / sleeping,category code,"O(−0.6 sleep_quality+0.2 adip−0.8;0,…,3), increasing frequency assumed",Shared questionnaire missingness Bernoulli(0.010); Per-item questionnaire missingness probability0.015+0.01 σ(−access)
20116,Smoking status,category code,"2 current+former; assumed 0=never,1=former,2=current; probabilities in MODEL_SPEC",Shared questionnaire missingness Bernoulli(0.010); Per-item questionnaire missingness probability0.015+0.01 σ(−access)
1239,Current tobacco smoking,category code,0 if noncurrent; 1 if current intensity≥5 cigarettes/day; 2 otherwise (assumed coding),Shared questionnaire missingness Bernoulli(0.010); Per-item questionnaire missingness probability0.015+0.01 σ(−access)
1249,Past tobacco smoking,category code,"assumed 4=never,1=regular past use,2=occasional past use; code 3 unused",Shared questionnaire missingness Bernoulli(0.010); Per-item questionnaire missingness probability0.015+0.01 σ(−access)
20161,Pack years of smoking,pack-years,(current+former) × smoking_duration × cigarettes_per_day / 20,Shared questionnaire missingness Bernoulli(0.010); Per-item questionnaire missingness probability0.015+0.01 σ(−access)
1259,Smoking/smokers in household,category code,"min(2,other_smoker+current); other_smoker∼Bernoulli(σ(−2+0.9 current+0.2(household−1))); exposure rank assumed",Shared questionnaire missingness Bernoulli(0.010); Per-item questionnaire missingness probability0.015+0.01 σ(−access)
1269,Exposure to tobacco smoke at home,hours/week,"clip((other_smoker+current) exp(1.5+0.5 Z),0,70)",Shared questionnaire missingness Bernoulli(0.010); Per-item questionnaire missingness probability0.015+0.01 σ(−access)
1279,Exposure to tobacco smoke outside home,hours/week,"clip(exp(0.5+0.4 current−0.25 access+0.7 Z) Bernoulli(0.55),0,60)",Shared questionnaire missingness Bernoulli(0.010); Per-item questionnaire missingness probability0.015+0.01 σ(−access)
1289,Cooked vegetable intake,tablespoons/day,"clip(3 exp(0.35 diet+0.15 appetite+0.45 Z),0,15)",Shared questionnaire missingness Bernoulli(0.010); Per-item questionnaire missingness probability0.015+0.01 σ(−access)
1299,Salad / raw vegetable intake,tablespoons/day,"clip(2 exp(0.40 diet+0.10 appetite+0.45 Z),0,15)",Shared questionnaire missingness Bernoulli(0.010); Per-item questionnaire missingness probability0.015+0.01 σ(−access)
1309,Fresh fruit intake,pieces/day,"round of clip(2 exp(0.30 diet+0.45 Z),0,10)",Shared questionnaire missingness Bernoulli(0.010); Per-item questionnaire missingness probability0.015+0.01 σ(−access)
1319,Dried fruit intake,pieces/day,"round of clip(1 exp(0.25 diet+0.45 Z),0,15)",Shared questionnaire missingness Bernoulli(0.010); Per-item questionnaire missingness probability0.015+0.01 σ(−access)
1438,Bread intake,slices/week,"clip(12 exp(0.25 appetite−0.10 diet+0.45 Z),0,45)",Shared questionnaire missingness Bernoulli(0.010); Per-item questionnaire missingness probability0.015+0.01 σ(−access)
1458,Cereal intake,bowls/week,"round of clip(5 exp(0.20 diet+0.15 appetite+0.45 Z),0,20)",Shared questionnaire missingness Bernoulli(0.010); Per-item questionnaire missingness probability0.015+0.01 σ(−access)
1488,Tea intake,cups/day,"clip(3 exp(0.15 a−0.10 digital+0.45 Z),0,12)",Shared questionnaire missingness Bernoulli(0.010); Per-item questionnaire missingness probability0.015+0.01 σ(−access)
1498,Coffee intake,cups/day,"round of clip(2 exp(0.2 digital+0.15 drive+0.45 Z),0,10)",Shared questionnaire missingness Bernoulli(0.010); Per-item questionnaire missingness probability0.015+0.01 σ(−access)
1528,Water intake,glasses/day,"round of clip(5 exp(0.15 activity+0.12 diet+0.45 Z),0,15)",Shared questionnaire missingness Bernoulli(0.010); Per-item questionnaire missingness probability0.015+0.01 σ(−access)
1518,Hot drink temperature,category code,"O(0.15 drive;1,2,3), increasing temperature assumed",Shared questionnaire missingness Bernoulli(0.010); Per-item questionnaire missingness probability0.015+0.01 σ(−access)
1329,Oily fish intake,category code,"O(0.5 diet−0.4;0,…,5), increasing frequency assumed",Shared questionnaire missingness Bernoulli(0.010); Per-item questionnaire missingness probability0.015+0.01 σ(−access)
1339,Non-oily fish intake,category code,"O(0.3 diet−0.2;0,…,5), increasing frequency assumed",Shared questionnaire missingness Bernoulli(0.010); Per-item questionnaire missingness probability0.015+0.01 σ(−access)
1349,Processed meat intake,category code,"O(−0.4 diet+0.25 appetite−0.3;0,…,5), increasing frequency assumed",Shared questionnaire missingness Bernoulli(0.010); Per-item questionnaire missingness probability0.015+0.01 σ(−access)
1359,Poultry intake,category code,"O(0.15 diet+0.25 appetite;0,…,5), increasing frequency assumed",Shared questionnaire missingness Bernoulli(0.010); Per-item questionnaire missingness probability0.015+0.01 σ(−access)
1369,Beef intake,category code,"O(−0.2 diet+0.3 appetite−0.4;0,…,5), increasing frequency assumed",Shared questionnaire missingness Bernoulli(0.010); Per-item questionnaire missingness probability0.015+0.01 σ(−access)
1379,Lamb/mutton intake,category code,"O(−0.2 diet+0.2 appetite−0.8;0,…,5), increasing frequency assumed",Shared questionnaire missingness Bernoulli(0.010); Per-item questionnaire missingness probability0.015+0.01 σ(−access)
1389,Pork intake,category code,"O(−0.25 diet+0.3 appetite−0.5;0,…,5), increasing frequency assumed",Shared questionnaire missingness Bernoulli(0.010); Per-item questionnaire missingness probability0.015+0.01 σ(−access)
1408,Cheese intake,category code,"O(0.15 appetite;0,…,5), increasing frequency assumed",Shared questionnaire missingness Bernoulli(0.010); Per-item questionnaire missingness probability0.015+0.01 σ(−access)
1478,Salt added to food,category code,"O(−0.3 diet+0.2 appetite−0.3;1,…,4), increasing addition assumed",Shared questionnaire missingness Bernoulli(0.010); Per-item questionnaire missingness probability0.015+0.01 σ(−access)
6144,"Never eat eggs, dairy, wheat, sugar",category code,"with probability σ(−2.1+0.3 diet), equal nominal probabilities for assumed 1=eggs,2=dairy,3=wheat,4=sugar; otherwise assumed5=none; single-code representation",Shared questionnaire missingness Bernoulli(0.010); Per-item questionnaire missingness probability0.015+0.01 σ(−access)
20117,Alcohol drinker status,category code,"2 alcohol_current+alcohol_former; current∼Bernoulli(σ(1.5+0.2 access+0.3 drive)); former|noncurrent∼Bernoulli(0.35); assumed0=never,1=former,2=current",Shared questionnaire missingness Bernoulli(0.010); Per-item questionnaire missingness probability0.015+0.01 σ(−access)
1558,Alcohol intake frequency.,category code,"assumed codes6,5,4,3,2,1 correspond to none,special,monthly,weekly,several/week,daily; amount boundaries0,1,3,8,18 assumed",Shared questionnaire missingness Bernoulli(0.010); Per-item questionnaire missingness probability0.015+0.01 σ(−access)
1568,Average weekly red wine intake,glasses/week,"alcohol_amount × softmax(beverage scores)[1]; scores defined in MODEL_SPEC; native beverage servings, not ethanol equivalents",Shared questionnaire missingness Bernoulli(0.010); Per-item questionnaire missingness probability0.015+0.01 σ(−access)
1578,Average weekly champagne plus white wine intake,glasses/week,"alcohol_amount × softmax(beverage scores)[2]; scores defined in MODEL_SPEC; native beverage servings, not ethanol equivalents",Shared questionnaire missingness Bernoulli(0.010); Per-item questionnaire missingness probability0.015+0.01 σ(−access)
1588,Average weekly beer plus cider intake,pints/week,"alcohol_amount × softmax(beverage scores)[3]; scores defined in MODEL_SPEC; native beverage servings, not ethanol equivalents",Shared questionnaire missingness Bernoulli(0.010); Per-item questionnaire missingness probability0.015+0.01 σ(−access)
1598,Average weekly spirits intake,measures/week,"alcohol_amount × softmax(beverage scores)[4]; scores defined in MODEL_SPEC; native beverage servings, not ethanol equivalents",Shared questionnaire missingness Bernoulli(0.010); Per-item questionnaire missingness probability0.015+0.01 σ(−access)
1608,Average weekly fortified wine intake,glasses/week,"round of alcohol_amount × softmax(beverage scores)[5]; scores defined in MODEL_SPEC; native beverage servings, not ethanol equivalents",Shared questionnaire missingness Bernoulli(0.010); Per-item questionnaire missingness probability0.015+0.01 σ(−access)
1618,Alcohol usually taken with meals,category code,"alcohol_current × Bernoulli(σ(0.2+0.4 diet+0.3 access)); assumed0=no,1=yes",Shared questionnaire missingness Bernoulli(0.010); Per-item questionnaire missingness probability0.015+0.01 σ(−access)
1050,Time spend outdoors in summer,hours/day,"clip(round(3+0.6 activity+0.5(1−employed)+0.7 Z),0,8)",Shared questionnaire missingness Bernoulli(0.010); Per-item questionnaire missingness probability0.015+0.01 σ(−access)
1060,Time spent outdoors in winter,hours/day,"min(summer,clip(round(1.5+0.4 activity+0.4(1−employed)+0.5 Z),0,6))",Shared questionnaire missingness Bernoulli(0.010); Per-item questionnaire missingness probability0.015+0.01 σ(−access)
1717,Skin colour,category code,"O(pigment−0.7;1,…,6), increasing pigmentation assumed; no ancestry inferred",Shared questionnaire missingness Bernoulli(0.010); Per-item questionnaire missingness probability0.015+0.01 σ(−access)
1727,Ease of skin tanning,category code,"O(0.75 pigment;1,…,4), increasing tanning response assumed",Shared questionnaire missingness Bernoulli(0.010); Per-item questionnaire missingness probability0.015+0.01 σ(−access)
1737,Childhood sunburn occasions,occasions,"clip(round(exp(1.2−0.4 pigment+0.15 summer+0.5 Z)),0,60)",Shared questionnaire missingness Bernoulli(0.010); Per-item questionnaire missingness probability0.015+0.01 σ(−access)
1747,"Hair colour (natural, before greying)",category code,"hair_score=0.8 pigment+0.65 Z; boundaries−0.9,−0.15,0.8 give assumed blond/light brown/dark brown/black codes1..4; code5 red with probability0.06 σ(−pigment);6 unused",Shared questionnaire missingness Bernoulli(0.010); Per-item questionnaire missingness probability0.015+0.01 σ(−access)
1757,Facial ageing,category code,"O(0.2 a+0.18 summer+0.2 current−0.4;1,2,3), younger-to-older appearance assumed",Shared questionnaire missingness Bernoulli(0.010); Per-item questionnaire missingness probability0.015+0.01 σ(−access)
2267,Use of sun/uv protection,category code,"O(0.3 diet−0.5 pigment+0.15 summer;1,…,5), increasing protection assumed",Shared questionnaire missingness Bernoulli(0.010); Per-item questionnaire missingness probability0.015+0.01 σ(−access)
2277,Frequency of solarium/sunlamp use,occasions,"Bernoulli(σ(−2.8+0.3 drive)) × clip(round(exp(1.6+0.6 Z)),1,60)",Shared questionnaire missingness Bernoulli(0.010); Per-item questionnaire missingness probability0.015+0.01 σ(−access)
2139,Age first had sexual intercourse,years,"clip(19+0.7 access−0.8 drive+2 Z,14,age−1)",Shared questionnaire missingness Bernoulli(0.010); Per-item questionnaire missingness probability0.015+0.01 σ(−access); Additional sensitive-item nonresponse Bernoulli(0.08)
2149,Lifetime number of sexual partners,partners,"clip(round(exp(1.3+0.55 drive+0.1 a+0.65 Z)),1,150)",Shared questionnaire missingness Bernoulli(0.010); Per-item questionnaire missingness probability0.015+0.01 σ(−access); Additional sensitive-item nonresponse Bernoulli(0.08)
2159,Ever had same-sex intercourse,binary code,"Bernoulli(0.07), independent nominal self-report assumption",Shared questionnaire missingness Bernoulli(0.010); Per-item questionnaire missingness probability0.015+0.01 σ(−access); Additional sensitive-item nonresponse Bernoulli(0.08)
1677,Breastfed as a baby,binary code,Bernoulli(σ(0.7+0.15 access+0.2 a−0.3 maternal_smoking)),Shared questionnaire missingness Bernoulli(0.010); Per-item questionnaire missingness probability0.015+0.01 σ(−access)
1777,Part of a multiple birth,binary code,Bernoulli(0.025),Shared questionnaire missingness Bernoulli(0.010); Per-item questionnaire missingness probability0.015+0.01 σ(−access)
1787,Maternal smoking around birth,binary code,Bernoulli(σ(−1+0.25 a−0.3 access)),Shared questionnaire missingness Bernoulli(0.010); Per-item questionnaire missingness probability0.015+0.01 σ(−access)
2946,Father's age,years,"age+TN(29,4;18,42), observed only for living parent within dictionary range",Structural: deceased parent or current age outside supplied dictionary support; Shared questionnaire missingness Bernoulli(0.010); Per-item questionnaire missingness probability0.015+0.01 σ(−access)
1807,Father's age at death,years,"clip(79+5 family_longevity+8 Z,10,109), observed only if lifetime≤current parent age",Structural: parent living at baseline; Shared questionnaire missingness Bernoulli(0.010); Per-item questionnaire missingness probability0.015+0.01 σ(−access)
1845,Mother's age,years,"age+TN(27,4;18,42), observed only for living parent within dictionary range",Structural: deceased parent or current age outside supplied dictionary support; Shared questionnaire missingness Bernoulli(0.010); Per-item questionnaire missingness probability0.015+0.01 σ(−access)
3526,Mother's age at death,years,"clip(83+5 family_longevity+8 Z,18,104), observed only if lifetime≤current parent age",Structural: parent living at baseline; Shared questionnaire missingness Bernoulli(0.010); Per-item questionnaire missingness probability0.015+0.01 σ(−access)
4501,Non-accidental death in close genetic family,binary code,Bernoulli(0.9) × indicator(either modeled parent deceased); baseline family context only,Shared questionnaire missingness Bernoulli(0.010); Per-item questionnaire missingness probability0.015+0.01 σ(−access)
2188,"Long-standing illness, disability or infirmity",binary code,Bernoulli(σ(−1.7+0.7 functional_burden)); functional_burden=0.5 a+0.4 adip−0.4 activity+0.8 Z; no diagnosis,Shared questionnaire missingness Bernoulli(0.010); Per-item questionnaire missingness probability0.015+0.01 σ(−access)
30160,Basophill count,10^9 cells/L,WBC × basophil_fraction; exact stick-breaking fractions in MODEL_SPEC,Shared blood-sample missingness Bernoulli(0.025); Independent assay missingness Bernoulli(0.008)
30220,Basophill percentage,%,100 × basophil_fraction,Shared blood-sample missingness Bernoulli(0.025); Independent assay missingness Bernoulli(0.008)
30150,Eosinophill count,10^9 cells/L,WBC × eosinophil_fraction; exact stick-breaking fractions in MODEL_SPEC,Shared blood-sample missingness Bernoulli(0.025); Independent assay missingness Bernoulli(0.008)
30210,Eosinophill percentage,%,100 × eosinophil_fraction,Shared blood-sample missingness Bernoulli(0.025); Independent assay missingness Bernoulli(0.008)
30030,Haematocrit percentage,%,RBC × MCV/10,Shared blood-sample missingness Bernoulli(0.025); Independent assay missingness Bernoulli(0.008)
30020,Haemoglobin concentration,g/dL,RBC × MCH/10,Shared blood-sample missingness Bernoulli(0.025); Independent assay missingness Bernoulli(0.008)
30300,High light scatter reticulocyte count,10^12 cells/L,RBC × high_scatter_percentage/100,Shared blood-sample missingness Bernoulli(0.025); Independent assay missingness Bernoulli(0.008)
30290,High light scatter reticulocyte percentage,%,reticulocyte_percentage × immature_reticulocyte_fraction × 0.6,Shared blood-sample missingness Bernoulli(0.025); Independent assay missingness Bernoulli(0.008)
30280,Immature reticulocyte fraction,ratio,0.08+0.15 σ(turnover+0.2 Z),Shared blood-sample missingness Bernoulli(0.025); Independent assay missingness Bernoulli(0.008)
30120,Lymphocyte count,10^9 cells/L,WBC × lymphocyte_fraction; exact stick-breaking fractions in MODEL_SPEC,Shared blood-sample missingness Bernoulli(0.025); Independent assay missingness Bernoulli(0.008)
30180,Lymphocyte percentage,%,100 × lymphocyte_fraction,Shared blood-sample missingness Bernoulli(0.025); Independent assay missingness Bernoulli(0.008)
30050,Mean corpuscular haemoglobin,pg,MCV × MCHC/100,Shared blood-sample missingness Bernoulli(0.025); Independent assay missingness Bernoulli(0.008)
30060,Mean corpuscular haemoglobin concentration,g/dL,"clip(33+0.30 iron+0.55 Z,30,35)",Shared blood-sample missingness Bernoulli(0.025); Independent assay missingness Bernoulli(0.008)
30040,Mean corpuscular volume,fL,"clip(90+1.5 alcohol_score−0.8 iron+2.8 Z,76,104)",Shared blood-sample missingness Bernoulli(0.025); Independent assay missingness Bernoulli(0.008)
30100,Mean platelet (thrombocyte) volume,fL,"clip(10 exp(−0.12 ln(platelets/250)+0.055 Z),8,12)",Shared blood-sample missingness Bernoulli(0.025); Independent assay missingness Bernoulli(0.008)
30260,Mean reticulocyte volume,fL,"clip(MCV+12+2 turnover+2 Z,82,130)",Shared blood-sample missingness Bernoulli(0.025); Independent assay missingness Bernoulli(0.008)
30270,Mean sphered cell volume,fL,"clip(0.96 MCV+1.2 Z,65,115)",Shared blood-sample missingness Bernoulli(0.025); Independent assay missingness Bernoulli(0.008)
30130,Monocyte count,10^9 cells/L,WBC × monocyte_fraction; exact stick-breaking fractions in MODEL_SPEC,Shared blood-sample missingness Bernoulli(0.025); Independent assay missingness Bernoulli(0.008)
30190,Monocyte percentage,%,100 × monocyte_fraction,Shared blood-sample missingness Bernoulli(0.025); Independent assay missingness Bernoulli(0.008)
30140,Neutrophill count,10^9 cells/L,WBC × neutrophil_fraction; exact stick-breaking fractions in MODEL_SPEC,Shared blood-sample missingness Bernoulli(0.025); Independent assay missingness Bernoulli(0.008)
30200,Neutrophill percentage,%,100 × neutrophil_fraction,Shared blood-sample missingness Bernoulli(0.025); Independent assay missingness Bernoulli(0.008)
30170,Nucleated red blood cell count,10^9 cells/L,"Bernoulli(0.015) × clip(0.004 exp(0.45 Z),0.0005,0.03); 10^9/L, continuous despite display-decimal recommendation",Shared blood-sample missingness Bernoulli(0.025); Independent assay missingness Bernoulli(0.008)
30230,Nucleated red blood cell percentage,%,100 nucleated_RBC_count/WBC; assumed denominator WBC,Shared blood-sample missingness Bernoulli(0.025); Independent assay missingness Bernoulli(0.008)
30080,Platelet count,10^9 cells/L,"clip(250 exp(−0.10 sex+0.08 inflammation+0.15 Z),110,450)",Shared blood-sample missingness Bernoulli(0.025); Independent assay missingness Bernoulli(0.008)
30090,Platelet crit,%,platelet_count × MPV/10000,Shared blood-sample missingness Bernoulli(0.025); Independent assay missingness Bernoulli(0.008)
30110,Platelet distribution width,%,"clip(17+0.3(MPV−10)+0.2 Z,15.1,19.5)",Shared blood-sample missingness Bernoulli(0.025); Independent assay missingness Bernoulli(0.008)
30010,Red blood cell (erythrocyte) count,10^12 cells/L,"clip(4.35+0.5 sex+0.12 current+0.2 Z,3.2,min(6.2,550/MCV,18800/(MCV × MCHC)))",Shared blood-sample missingness Bernoulli(0.025); Independent assay missingness Bernoulli(0.008)
30070,Red blood cell (erythrocyte) distribution width,%,"clip(13.2−0.25 iron+0.4 |turnover|+0.4 Z,11.4,18)",Shared blood-sample missingness Bernoulli(0.025); Independent assay missingness Bernoulli(0.008)
30250,Reticulocyte count,10^12 cells/L,RBC × reticulocyte_percentage/100,Shared blood-sample missingness Bernoulli(0.025); Independent assay missingness Bernoulli(0.008)
30240,Reticulocyte percentage,%,"clip(1.2 exp(0.20 turnover+0.18 Z),0.4,3)",Shared blood-sample missingness Bernoulli(0.025); Independent assay missingness Bernoulli(0.008)
30000,White blood cell (leukocyte) count,10^9 cells/L,"clip(6.3 exp(0.12 current+0.18 inflammation+0.15 Z),2,15)",Shared blood-sample missingness Bernoulli(0.025); Independent assay missingness Bernoulli(0.008)
30620,Alanine aminotransferase,U/L,"clip(20 exp(0.25 adip+0.15 alcohol_score+0.20 hepatic+0.18 Z),5,180)",Shared blood-sample missingness Bernoulli(0.025); Independent assay missingness Bernoulli(0.008)
30600,Albumin,g/L,"clip(43−0.6 a−0.8 inflammation−0.7 hydration+1.2 Z,35,50)",Shared blood-sample missingness Bernoulli(0.025); Independent assay missingness Bernoulli(0.008)
30610,Alkaline phosphatase,U/L,"clip(75 exp(0.10 a+0.12 bone+0.08 hepatic+0.15 Z),35,170)",Shared blood-sample missingness Bernoulli(0.025); Independent assay missingness Bernoulli(0.008)
30630,Apolipoprotein A,g/L,"clip(0.60+0.65 HDL+0.06 Z,0.771,2.498)",Shared blood-sample missingness Bernoulli(0.025); Independent assay missingness Bernoulli(0.008)
30640,Apolipoprotein B,g/L,"clip(0.23+0.24 LDL+0.035 triglycerides+0.045 Z,0.412,1.966)",Shared blood-sample missingness Bernoulli(0.025); Independent assay missingness Bernoulli(0.008)
30650,Aspartate aminotransferase,U/L,"clip(20 exp(0.10 adip+0.12 alcohol_score+0.18 hepatic+0.10 muscle+0.16 Z),9,170)",Shared blood-sample missingness Bernoulli(0.025); Independent assay missingness Bernoulli(0.008)
30710,C-reactive protein,mg/L,"clip(1.2 exp(0.70 inflammation+0.30 adip+0.10 current),0.08,50)",Shared blood-sample missingness Bernoulli(0.025); Independent assay missingness Bernoulli(0.008)
30680,Calcium,mmol/L,"clip(2.32+0.02(albumin−43)+0.035 Z,2.02,2.65)",Shared blood-sample missingness Bernoulli(0.025); Independent assay missingness Bernoulli(0.008)
30690,Cholesterol,mmol/L,LDL+HDL+triglycerides/2.2; idealized assumed lipid accounting,Shared blood-sample missingness Bernoulli(0.025); Independent assay missingness Bernoulli(0.008)
30700,Creatinine,umol/L,"clip(75(1+0.22 sex) exp(0.08 muscle+0.06 Z)/(filtration/95),25,260)",Shared blood-sample missingness Bernoulli(0.025); Independent assay missingness Bernoulli(0.008)
30720,Cystatin C,mg/L,"clip(0.85(95/filtration)^0.8 exp(0.07 Z+0.03 adip),0.4,2.5)",Shared blood-sample missingness Bernoulli(0.025); Independent assay missingness Bernoulli(0.008)
30660,Direct bilirubin,umol/L,"clip(1+0.13 total_bilirubin+0.2 Z,1,0.4 total_bilirubin)",Shared blood-sample missingness Bernoulli(0.025); Independent assay missingness Bernoulli(0.008)
30730,Gamma glutamyltransferase,U/L,"clip(25 exp(0.20 adip+0.35 alcohol_score+0.20 hepatic+0.25 Z),6,300)",Shared blood-sample missingness Bernoulli(0.025); Independent assay missingness Bernoulli(0.008)
30740,Glucose,mmol/L,"clip(5.2 exp(0.10 glycemic)+0.35 Z,3.2,12)",Shared blood-sample missingness Bernoulli(0.025); Independent assay missingness Bernoulli(0.008)
30750,Glycated haemoglobin (HbA1c),mmol/mol,"clip(34+9(long_term_glucose−5.2)+2 Z−1.2 turnover,18,100)",Shared blood-sample missingness Bernoulli(0.025); Independent assay missingness Bernoulli(0.008)
30760,HDL cholesterol,mmol/L,"clip(1.5 exp(0.14(1−sex)−0.14 adip+0.09 activity+0.10 Z),0.7,2.6)",Shared blood-sample missingness Bernoulli(0.025); Independent assay missingness Bernoulli(0.008)
30770,IGF-1,nmol/L,"clip(22 exp(−0.11 a+0.10 diet+0.15 growth_axis+0.12 Z),8,45)",Shared blood-sample missingness Bernoulli(0.025); Independent assay missingness Bernoulli(0.008)
30780,LDL direct,mmol/L,"clip(2.8 exp(0.13 adip+0.16 lipid+0.08 Z),1.45,5.8)",Shared blood-sample missingness Bernoulli(0.025); Independent assay missingness Bernoulli(0.008)
30790,Lipoprotein A,nmol/L,"clip(30 exp(0.90 heritable_LpA+0.15 Z),3.8,189)",Shared blood-sample missingness Bernoulli(0.025); Independent assay missingness Bernoulli(0.008)
30800,Oestradiol,pmol/L,"male:85 exp(0.22 Z); female transitioned:80 exp(0.30 Z), otherwise480 exp(0.4 phase+0.20 Z); transition∼Bernoulli(σ((age−50)/3)); values<175 censored",Assumed lower assay reporting limit175 pmol/L from dictionary; lower concentrations unreported; Shared blood-sample missingness Bernoulli(0.025); Independent assay missingness Bernoulli(0.008)
30810,Phosphate,mmol/L,"clip(1.1−0.04 sex+0.04 bone+0.09 Z,0.65,1.6)",Shared blood-sample missingness Bernoulli(0.025); Independent assay missingness Bernoulli(0.008)
30820,Rheumatoid factor,IU/mL,"min(exp(ln8+0.65 Z+0.12 a+0.15 inflammation),118.6); values<10 censored",Assumed lower assay reporting limit10 IU/mL from dictionary; Shared blood-sample missingness Bernoulli(0.025); Independent assay missingness Bernoulli(0.008)
30830,SHBG,nmol/L,"clip(35 exp(0.45(1−sex)+0.14 a−0.17 adip+0.15 hormone+0.20 Z),1,200)",Shared blood-sample missingness Bernoulli(0.025); Independent assay missingness Bernoulli(0.008)
30850,Testosterone,nmol/L,"male:clip(14 exp(−0.13 a−0.15 adip+0.18 hormone+0.16 Z),2,38); female:clip(1.1 exp(−0.04 a+0.18 hormone+0.20 Z),0.35,3.5)",Shared blood-sample missingness Bernoulli(0.025); Independent assay missingness Bernoulli(0.008)
30840,Total bilirubin,umol/L,"clip(10 exp(0.35 clearance+0.12 Z),3.5,40)",Shared blood-sample missingness Bernoulli(0.025); Independent assay missingness Bernoulli(0.008)
30860,Total protein,g/L,"albumin+clip(25+1.1 inflammation+Z,20,32)",Shared blood-sample missingness Bernoulli(0.025); Independent assay missingness Bernoulli(0.008)
30870,Triglycerides,mmol/L,"clip(1.3 exp(0.23 adip+0.18 alcohol_score+0.25 lipid_storage+0.20 Z),0.4,4.2)",Shared blood-sample missingness Bernoulli(0.025); Independent assay missingness Bernoulli(0.008)
30880,Urate,umol/L,"clip(300+45 sex+20 adip+15 alcohol_score+0.55(100−filtration)+20 Z,140,600)",Shared blood-sample missingness Bernoulli(0.025); Independent assay missingness Bernoulli(0.008)
30670,Urea,mmol/L,"clip(5(95/filtration)^0.45 exp(0.15 appetite−0.08 hydration+0.12 Z),2,15)",Shared blood-sample missingness Bernoulli(0.025); Independent assay missingness Bernoulli(0.008)
30890,Vitamin D,nmol/L,"min(45+5 summer−3(skin_code−1)+4 diet+12 season+8 Z,169); values<10 censored",Assumed lower assay reporting limit10 nmol/L from dictionary; Shared blood-sample missingness Bernoulli(0.025); Independent assay missingness Bernoulli(0.008)
