Field_ID,Category,Detail_Category,Description,Participants_N,Notes,Variable_Type,Observed_Min,Observed_P01,Observed_Median,Observed_P99,Observed_Max,Observed_Integer_Only,Observed_Allowed_Values,Unit,Unit_Source,Recommended_Data_Type,Recommended_Hard_Min,Recommended_Hard_Max,Recommended_Allowed_Values,Recommended_Missing_Rate,Observed_Decimal_Places_P95,Recommended_Decimal_Places,Suggested_Marginal_Distribution,Generation_Constraint
21022,Basic information,Age at recruitment,Age at recruitment,"502,150",,continuous,39,40,58,69,70,TRUE,,years,schema Prompts,continuous_numeric,39,70,,0,0,0,bounded approximately normal / empirical quantile,"Numeric values; sample envelope [39, 70]; central 98% [40, 69]; use a bounded/long-tail marginal as indicated; do not extrapolate beyond the sample envelope without a formal codebook."
31,Basic information,Gender,Gender,"502,150",,binary,0,0,0,1,1,TRUE,"[0, 1]",binary code,schema type + known field definition,binary_integer_code,0,1,"[0, 1]",0,0,0,empirical Bernoulli,"Use only observed numeric codes [0, 1]; keep integer storage; do not re-base or relabel codes; represent nonresponse/not-applicable as NaN."
699,Basic information,Household,Length of time at current address,"501,282",,continuous,0,0,16,46,70,TRUE,,years,schema Prompts,continuous_numeric,0,70,,0.0054,0,0,bounded approximately normal / empirical quantile,"Numeric values; sample envelope [0, 70]; central 98% [0, 46]; use a bounded/long-tail marginal as indicated; do not extrapolate beyond the sample envelope without a formal codebook."
709,Basic information,Household,Number in household,"499,890",,continuous,1,1,2,6,40,TRUE,"[1, 2, 3, 4, 5, 6, 7, 8, 9, 10, 11, 12, 29, 37, 38, 40]",persons,field meaning,bounded_integer_or_count,1,40,,0.0081,0,0,bounded empirical integer/count,"Integer values only; sample envelope [1, 40]; central 98% [1, 6]; retain realistic tails and NaN."
796,Basic information,Employment,Distance between home and job workplace,"265,388",,continuous,0,0,6,110,5000,TRUE,,miles,schema Prompts,continuous_numeric,0,5000,,0.5011,0,0,bounded right-skewed empirical/log-normal/gamma,"Numeric values; sample envelope [0, 5000]; central 98% [0, 110]; use a bounded/long-tail marginal as indicated; do not extrapolate beyond the sample envelope without a formal codebook."
757,Basic information,Employment,Time employed in main current job,"286,897",,continuous,0,0,10,42,51,TRUE,,years,schema Prompts,continuous_numeric,0,51,,0.4266,0,0,bounded empirical quantile / transformed distribution,"Numeric values; sample envelope [0, 51]; central 98% [0, 42]; use a bounded/long-tail marginal as indicated; do not extrapolate beyond the sample envelope without a formal codebook."
767,Basic information,Employment,Length of working week for main job,"286,899",,continuous,0,5,38,62,160,TRUE,,hours,schema Prompts,continuous_numeric,0,160,,0.4309,0,0,bounded approximately normal / empirical quantile,"Numeric values; sample envelope [0, 160]; central 98% [5, 62]; use a bounded/long-tail marginal as indicated; do not extrapolate beyond the sample envelope without a formal codebook."
777,Basic information,Employment,Frequency of travelling from home to job workplace,"284,565",,continuous,0,0,5,10,44,TRUE,"[0, 1, 2, 3, 4, 5, 6, 7, 8, 9, 10, 12, 13, 14, 15, 16, 18, 19, 20, 25, 30, 40, 44]",times/week,schema Prompts,bounded_integer_or_count,0,44,,0.4344,0,0,bounded empirical integer/count,"Integer values only; sample envelope [0, 44]; central 98% [0, 10]; retain realistic tails and NaN."
845,Basic information,Education,Age completed full time education,"336,555",,continuous,5,14,16,25,35,TRUE,,years,schema Prompts,continuous_numeric,5,35,,0.3368,0,0,bounded right-skewed empirical/log-normal/gamma,"Numeric values; sample envelope [5, 35]; central 98% [14, 25]; use a bounded/long-tail marginal as indicated; do not extrapolate beyond the sample envelope without a formal codebook."
4079,Physical measures,Blood pressure,"Diastolic blood pressure, automated reading","472,046",,continuous,47,60.5,81.5,107.5,133,FALSE,,mmHg,schema Prompts,continuous_numeric,47,133,,0.0574,1,1,bounded approximately normal / empirical quantile,"Numeric values; sample envelope [47, 133]; central 98% [60.5, 107.5]; use a bounded/long-tail marginal as indicated; do not extrapolate beyond the sample envelope without a formal codebook."
4080,Physical measures,Blood pressure,"Systolic blood pressure, automated reading","472,041",,continuous,80,102.125,136.5,188.5,225.5,FALSE,,mmHg,schema Prompts,continuous_numeric,80,225.5,,0.0574,1,1,bounded approximately normal / empirical quantile,"Numeric values; sample envelope [80, 225.5]; central 98% [102.125, 188.5]; use a bounded/long-tail marginal as indicated; do not extrapolate beyond the sample envelope without a formal codebook."
102,Physical measures,Blood pressure,"Pulse rate, automated reading","472,046",,continuous,35,47,68.5,100.5,128.5,FALSE,,bpm,schema Prompts,continuous_numeric,35,128.5,,0.0574,1,1,bounded approximately normal / empirical quantile,"Numeric values; sample envelope [35, 128.5]; central 98% [47, 100.5]; use a bounded/long-tail marginal as indicated; do not extrapolate beyond the sample envelope without a formal codebook."
46,Physical measures,Hand grip strength,Hand grip strength (left),"498,739",,continuous,0,8,28,57.71,80,TRUE,,kg,schema Prompts,continuous_numeric,0,80,,0.007,0,0,bounded approximately normal / empirical quantile,"Numeric values; sample envelope [0, 80]; central 98% [8, 57.71]; use a bounded/long-tail marginal as indicated; do not extrapolate beyond the sample envelope without a formal codebook."
47,Physical measures,Hand grip strength,Hand grip strength (right),"498,806",,continuous,0,10,30,59,72,TRUE,,kg,schema Prompts,continuous_numeric,0,72,,0.0069,0,0,bounded approximately normal / empirical quantile,"Numeric values; sample envelope [0, 72]; central 98% [10, 59]; use a bounded/long-tail marginal as indicated; do not extrapolate beyond the sample envelope without a formal codebook."
48,Physical measures,Body size measures,Waist circumference,"499,989",,continuous,56,65,90,125,157,FALSE,,cm,schema Prompts,continuous_numeric,56,157,,0.005,0,0,bounded approximately normal / empirical quantile,"Numeric values; sample envelope [56, 157]; central 98% [65, 125]; use a bounded/long-tail marginal as indicated; do not extrapolate beyond the sample envelope without a formal codebook."
21002,Physical measures,Body size measures,Weight,"499,375",,continuous,35.4,49.434,76.4,122.832,181.7,FALSE,,kg,schema Prompts,continuous_numeric,35.4,181.7,,0.0065,1,1,bounded approximately normal / empirical quantile,"Numeric values; sample envelope [35.4, 181.7]; central 98% [49.434, 122.832]; use a bounded/long-tail marginal as indicated; do not extrapolate beyond the sample envelope without a formal codebook."
21001,Physical measures,Body size measures,Body mass index (BMI),"499,045",,continuous,14.8744,19.138653,26.713,42.0894,58.5937,FALSE,,kg/m^2,schema Prompts,continuous_numeric,14.8744,58.5937,,0.0072,4,4,bounded right-skewed empirical/log-normal/gamma,"Numeric values; sample envelope [14.8744, 58.5937]; central 98% [19.1387, 42.0894]; use a bounded/long-tail marginal as indicated; do not extrapolate beyond the sample envelope without a formal codebook."
49,Physical measures,Body size measures,Hip circumference,"499,930",,continuous,72,86,102,133,174,FALSE,,cm,schema Prompts,continuous_numeric,72,174,,0.0049,0,0,bounded right-skewed empirical/log-normal/gamma,"Numeric values; sample envelope [72, 174]; central 98% [86, 133]; use a bounded/long-tail marginal as indicated; do not extrapolate beyond the sample envelope without a formal codebook."
50,Physical measures,Body size measures,Standing height,"499,611",,continuous,138,150,168,190,201,FALSE,,cm,schema Prompts,continuous_numeric,138,201,,0.0056,0,0,bounded approximately normal / empirical quantile,"Numeric values; sample envelope [138, 201]; central 98% [150, 190]; use a bounded/long-tail marginal as indicated; do not extrapolate beyond the sample envelope without a formal codebook."
20015,Physical measures,Body size measures,Sitting height,"495,876",,continuous,63,78,89,100,117,FALSE,,cm,schema Prompts,continuous_numeric,63,117,,0.0129,0,0,bounded approximately normal / empirical quantile,"Numeric values; sample envelope [63, 117]; central 98% [78, 100]; use a bounded/long-tail marginal as indicated; do not extrapolate beyond the sample envelope without a formal codebook."
23115,Physical measures,Body composition by impedance,Leg fat percentage (left),"491,959",,continuous,6.4,12.6,33.3,51.2,60.8,FALSE,,%,schema Prompts,continuous_numeric,6.4,60.8,,0.0218,1,1,bounded approximately normal / empirical quantile,"Numeric values; sample envelope [6.4, 60.8]; central 98% [12.6, 51.2]; use a bounded/long-tail marginal as indicated; do not extrapolate beyond the sample envelope without a formal codebook."
23111,Physical measures,Body composition by impedance,Leg fat percentage (right),"491,991",,continuous,5.6,12,33.4,51.4,59.1,FALSE,,%,schema Prompts,continuous_numeric,5.6,59.1,,0.0218,1,1,bounded approximately normal / empirical quantile,"Numeric values; sample envelope [5.6, 59.1]; central 98% [12, 51.4]; use a bounded/long-tail marginal as indicated; do not extrapolate beyond the sample envelope without a formal codebook."
23116,Physical measures,Body composition by impedance,Leg fat mass (left),"491,954",,continuous,0.5,1.3,4,9.919,17.1,FALSE,,kg,schema Prompts,continuous_numeric,0.5,17.1,,0.0218,1,1,bounded right-skewed empirical/log-normal/gamma,"Numeric values; sample envelope [0.5, 17.1]; central 98% [1.3, 9.919]; use a bounded/long-tail marginal as indicated; do not extrapolate beyond the sample envelope without a formal codebook."
23112,Physical measures,Body composition by impedance,Leg fat mass (right),"491,982",,continuous,0.4,1.3,4,10.1,16.9,FALSE,,kg,schema Prompts,continuous_numeric,0.4,16.9,,0.0218,1,1,bounded right-skewed empirical/log-normal/gamma,"Numeric values; sample envelope [0.4, 16.9]; central 98% [1.3, 10.1]; use a bounded/long-tail marginal as indicated; do not extrapolate beyond the sample envelope without a formal codebook."
23117,Physical measures,Body composition by impedance,Leg fat-free mass (left),"491,935",,continuous,4.4,5.9,8.5,14.1,21.5,FALSE,,kg,schema Prompts,continuous_numeric,4.4,21.5,,0.0218,1,1,bounded approximately normal / empirical quantile,"Numeric values; sample envelope [4.4, 21.5]; central 98% [5.9, 14.1]; use a bounded/long-tail marginal as indicated; do not extrapolate beyond the sample envelope without a formal codebook."
23113,Physical measures,Body composition by impedance,Leg fat-free mass (right),"491,970",,continuous,4.4,5.9,8.6,14.2,21.3,FALSE,,kg,schema Prompts,continuous_numeric,4.4,21.3,,0.0218,1,1,bounded approximately normal / empirical quantile,"Numeric values; sample envelope [4.4, 21.3]; central 98% [5.9, 14.2]; use a bounded/long-tail marginal as indicated; do not extrapolate beyond the sample envelope without a formal codebook."
23118,Physical measures,Body composition by impedance,Leg predicted mass (left),"491,929",,continuous,4.2,5.5,8,13.3,20.3,FALSE,,kg,schema Prompts,continuous_numeric,4.2,20.3,,0.0218,1,1,bounded approximately normal / empirical quantile,"Numeric values; sample envelope [4.2, 20.3]; central 98% [5.5, 13.3]; use a bounded/long-tail marginal as indicated; do not extrapolate beyond the sample envelope without a formal codebook."
23114,Physical measures,Body composition by impedance,Leg predicted mass (right),"491,969",,continuous,4.1,5.6,8.1,13.5,20.1,FALSE,,kg,schema Prompts,continuous_numeric,4.1,20.1,,0.0218,1,1,bounded approximately normal / empirical quantile,"Numeric values; sample envelope [4.1, 20.1]; central 98% [5.6, 13.5]; use a bounded/long-tail marginal as indicated; do not extrapolate beyond the sample envelope without a formal codebook."
23123,Physical measures,Body composition by impedance,Arm fat percentage (left),"491,848",,continuous,3,12.8,29,55.9,68.3,FALSE,,%,schema Prompts,continuous_numeric,3,68.3,,0.0219,1,1,bounded approximately normal / empirical quantile,"Numeric values; sample envelope [3, 68.3]; central 98% [12.8, 55.9]; use a bounded/long-tail marginal as indicated; do not extrapolate beyond the sample envelope without a formal codebook."
23119,Physical measures,Body composition by impedance,Arm fat percentage (right),"491,917",,continuous,2,12.7,27.8,55.2,69.2,FALSE,,%,schema Prompts,continuous_numeric,2,69.2,,0.0218,1,1,bounded approximately normal / empirical quantile,"Numeric values; sample envelope [2, 69.2]; central 98% [12.7, 55.2]; use a bounded/long-tail marginal as indicated; do not extrapolate beyond the sample envelope without a formal codebook."
23124,Physical measures,Body composition by impedance,Arm fat mass (left),"491,806",,continuous,0.1,0.4,1.2,3.9,10.4,FALSE,,kg,schema Prompts,continuous_numeric,0.1,10.4,,0.0219,1,1,bounded right-skewed empirical/log-normal/gamma,"Numeric values; sample envelope [0.1, 10.4]; central 98% [0.4, 3.9]; use a bounded/long-tail marginal as indicated; do not extrapolate beyond the sample envelope without a formal codebook."
23120,Physical measures,Body composition by impedance,Arm fat mass (right),"491,883",,continuous,0.1,0.4,1.1,3.6,8.6,FALSE,,kg,schema Prompts,continuous_numeric,0.1,8.6,,0.0218,1,1,bounded right-skewed empirical/log-normal/gamma,"Numeric values; sample envelope [0.1, 8.6]; central 98% [0.4, 3.6]; use a bounded/long-tail marginal as indicated; do not extrapolate beyond the sample envelope without a formal codebook."
23121,Physical measures,Body composition by impedance,Arm fat-free mass (right),"491,879",,continuous,1,1.7,2.6,5,6.8,FALSE,,kg,schema Prompts,continuous_numeric,1,6.8,,0.0219,1,1,bounded approximately normal / empirical quantile,"Numeric values; sample envelope [1, 6.8]; central 98% [1.7, 5]; use a bounded/long-tail marginal as indicated; do not extrapolate beyond the sample envelope without a formal codebook."
23125,Physical measures,Body composition by impedance,Arm fat-free mass (left),"491,790",,continuous,1.3,1.7,2.7,5,6.4,FALSE,,kg,schema Prompts,continuous_numeric,1.3,6.4,,0.0221,1,1,bounded approximately normal / empirical quantile,"Numeric values; sample envelope [1.3, 6.4]; central 98% [1.7, 5]; use a bounded/long-tail marginal as indicated; do not extrapolate beyond the sample envelope without a formal codebook."
23126,Physical measures,Body composition by impedance,Arm predicted mass (left),"491,771",,continuous,1.2,1.6,2.5,4.7,6,FALSE,,kg,schema Prompts,continuous_numeric,1.2,6,,0.0222,1,1,bounded approximately normal / empirical quantile,"Numeric values; sample envelope [1.2, 6]; central 98% [1.6, 4.7]; use a bounded/long-tail marginal as indicated; do not extrapolate beyond the sample envelope without a formal codebook."
23122,Physical measures,Body composition by impedance,Arm predicted mass (right),"491,871",,continuous,0.9,1.6,2.5,4.7,6.4,FALSE,,kg,schema Prompts,continuous_numeric,0.9,6.4,,0.0219,1,1,bounded approximately normal / empirical quantile,"Numeric values; sample envelope [0.9, 6.4]; central 98% [1.6, 4.7]; use a bounded/long-tail marginal as indicated; do not extrapolate beyond the sample envelope without a formal codebook."
23127,Physical measures,Body composition by impedance,Trunk fat percentage,"491,728",,continuous,3,11.677,31.1,49.023,61.7,FALSE,,%,schema Prompts,continuous_numeric,3,61.7,,0.0222,1,1,bounded approximately normal / empirical quantile,"Numeric values; sample envelope [3, 61.7]; central 98% [11.677, 49.023]; use a bounded/long-tail marginal as indicated; do not extrapolate beyond the sample envelope without a formal codebook."
23128,Physical measures,Body composition by impedance,Trunk fat mass,"491,701",,continuous,1,3.8,13.2,28.023,49.5,FALSE,,kg,schema Prompts,continuous_numeric,1,49.5,,0.0222,1,1,bounded approximately normal / empirical quantile,"Numeric values; sample envelope [1, 49.5]; central 98% [3.8, 28.023]; use a bounded/long-tail marginal as indicated; do not extrapolate beyond the sample envelope without a formal codebook."
23129,Physical measures,Body composition by impedance,Trunk fat-free mass,"491,617",,continuous,16,20.3,28.1,43.9,52.3,FALSE,,kg,schema Prompts,continuous_numeric,16,52.3,,0.0225,1,1,bounded approximately normal / empirical quantile,"Numeric values; sample envelope [16, 52.3]; central 98% [20.3, 43.9]; use a bounded/long-tail marginal as indicated; do not extrapolate beyond the sample envelope without a formal codebook."
23130,Physical measures,Body composition by impedance,Trunk predicted mass,"491,568",,continuous,15.4,19.4,26.9,42.2,50.3,FALSE,,kg,schema Prompts,continuous_numeric,15.4,50.3,,0.0225,1,1,bounded approximately normal / empirical quantile,"Numeric values; sample envelope [15.4, 50.3]; central 98% [19.4, 42.2]; use a bounded/long-tail marginal as indicated; do not extrapolate beyond the sample envelope without a formal codebook."
23105,Physical measures,Body composition by impedance,Basal metabolic rate,"492,011",,continuous,3665,4556,6339,10217,13602,TRUE,,kJ/day,field meaning + schema prompt,continuous_numeric,3665,13602,,0.0218,0,0,bounded approximately normal / empirical quantile,"Numeric values; sample envelope [3665, 13602]; central 98% [4556, 10217]; use a bounded/long-tail marginal as indicated; do not extrapolate beyond the sample envelope without a formal codebook."
23099,Physical measures,Body composition by impedance,Body fat percentage,"491,751",,continuous,5.4,13.1,31.1,50,59,FALSE,,%,schema Prompts,continuous_numeric,5.4,59,,0.022,1,1,bounded approximately normal / empirical quantile,"Numeric values; sample envelope [5.4, 59]; central 98% [13.1, 50]; use a bounded/long-tail marginal as indicated; do not extrapolate beyond the sample envelope without a formal codebook."
23100,Physical measures,Body composition by impedance,Whole body fat mass,"491,186",,continuous,5.1,8.5,23.3,54.693,87.9,FALSE,,kg,semantic correction,continuous_numeric,5.1,87.9,,0.023,1,1,bounded right-skewed empirical/log-normal/gamma,"Numeric values; sample envelope [5.1, 87.9]; central 98% [8.5, 54.693]; use a bounded/long-tail marginal as indicated; do not extrapolate beyond the sample envelope without a formal codebook."
23101,Physical measures,Body composition by impedance,Whole body fat-free mass,"491,982",,continuous,28.6,35.8,50.3,81.3,97.5,FALSE,,kg,schema Prompts,continuous_numeric,28.6,97.5,,0.0218,1,1,bounded approximately normal / empirical quantile,"Numeric values; sample envelope [28.6, 97.5]; central 98% [35.8, 81.3]; use a bounded/long-tail marginal as indicated; do not extrapolate beyond the sample envelope without a formal codebook."
23102,Physical measures,Body composition by impedance,Whole body water mass,"492,025",,continuous,20.9,26.2,36.9,59.6,73.6,FALSE,,kg,schema Prompts,continuous_numeric,20.9,73.6,,0.0217,1,1,bounded approximately normal / empirical quantile,"Numeric values; sample envelope [20.9, 73.6]; central 98% [26.2, 59.6]; use a bounded/long-tail marginal as indicated; do not extrapolate beyond the sample envelope without a formal codebook."
23106,Physical measures,Body composition by impedance,Impedance of whole body,"491,971",,continuous,314,426,595,809,973,TRUE,,ohm,schema Prompts,continuous_numeric,314,973,,0.0218,0,0,bounded approximately normal / empirical quantile,"Numeric values; sample envelope [314, 973]; central 98% [426, 809]; use a bounded/long-tail marginal as indicated; do not extrapolate beyond the sample envelope without a formal codebook."
23110,Physical measures,Body composition by impedance,Impedance of arm (left),"491,986",,continuous,174,229,329,468,703,TRUE,,ohm,schema Prompts,continuous_numeric,174,703,,0.0218,0,0,bounded approximately normal / empirical quantile,"Numeric values; sample envelope [174, 703]; central 98% [229, 468]; use a bounded/long-tail marginal as indicated; do not extrapolate beyond the sample envelope without a formal codebook."
23109,Physical measures,Body composition by impedance,Impedance of arm (right),"491,962",,continuous,116,226,322,461,992,TRUE,,ohm,schema Prompts,continuous_numeric,116,992,,0.0218,0,0,bounded empirical quantile / transformed distribution,"Numeric values; sample envelope [116, 992]; central 98% [226, 461]; use a bounded/long-tail marginal as indicated; do not extrapolate beyond the sample envelope without a formal codebook."
23108,Physical measures,Body composition by impedance,Impedance of leg (left),"491,994",,continuous,102,167.81,247,335,469,TRUE,,ohm,schema Prompts,continuous_numeric,102,469,,0.0218,0,0,bounded approximately normal / empirical quantile,"Numeric values; sample envelope [102, 469]; central 98% [167.81, 335]; use a bounded/long-tail marginal as indicated; do not extrapolate beyond the sample envelope without a formal codebook."
23107,Physical measures,Body composition by impedance,Impedance of leg (right),"492,000",,continuous,108,166.81,246,334,446,TRUE,,ohm,schema Prompts,continuous_numeric,108,446,,0.0218,0,0,bounded approximately normal / empirical quantile,"Numeric values; sample envelope [108, 446]; central 98% [166.81, 334]; use a bounded/long-tail marginal as indicated; do not extrapolate beyond the sample envelope without a formal codebook."
3062,Physical measures,Spirometry,Forced vital capacity (FVC),"453,374",,continuous,0.133333333,1.524333333,3.47,6.146166667,17.00666667,FALSE,,L,schema Prompts,continuous_numeric,0.133333333,17.00666667,,0.0969,9,6,bounded approximately normal / empirical quantile,"Numeric values; sample envelope [0.133333, 17.0067]; central 98% [1.52433, 6.14617]; use a bounded/long-tail marginal as indicated; do not extrapolate beyond the sample envelope without a formal codebook."
3063,Physical measures,Spirometry,Forced expiratory volume in 1-second (FEV1),"453,374",,continuous,0.123333333,1.063,2.65,4.694666667,6.17,FALSE,,L,schema Prompts,continuous_numeric,0.123333333,6.17,,0.0969,9,6,bounded approximately normal / empirical quantile,"Numeric values; sample envelope [0.123333, 6.17]; central 98% [1.063, 4.69467]; use a bounded/long-tail marginal as indicated; do not extrapolate beyond the sample envelope without a formal codebook."
20258,Physical measures,Spirometry,FEV1/ FVC ratio Z-score,"379,132",,continuous z-score,-3.687,-1.44681,0.358,3.17411,4.931,FALSE,,z-score,schema Description/Prompts,continuous_z_score,-3.687,4.931,,0.2436,3,3,bounded approximately normal / empirical quantile,"Numeric values; sample envelope [-3.687, 4.931]; central 98% [-1.44681, 3.17411]; use a bounded/long-tail marginal as indicated; do not extrapolate beyond the sample envelope without a formal codebook."
3064,Physical measures,Spirometry,Peak expiratory flow (PEF),"453,374",,continuous,9.333333333,92.43333333,357.3333333,706.45,1340.5,FALSE,,L/min,schema Prompts,continuous_numeric,9.333333333,1340.5,,0.0969,7,6,bounded approximately normal / empirical quantile,"Numeric values; sample envelope [9.33333, 1340.5]; central 98% [92.4333, 706.45]; use a bounded/long-tail marginal as indicated; do not extrapolate beyond the sample envelope without a formal codebook."
20022,Physical measures,Early life factors,Birth weight,"276,786",,continuous,0.45,1.36,3.32,4.82,6.97,FALSE,,kg,schema Prompts,continuous_numeric,0.45,6.97,,0.4484,2,2,bounded approximately normal / empirical quantile,"Numeric values; sample envelope [0.45, 6.97]; central 98% [1.36, 4.82]; use a bounded/long-tail marginal as indicated; do not extrapolate beyond the sample envelope without a formal codebook."
2634,Lifestyle,Physical activity,Duration of heavy DIY,"205,302",,categorical,1,1,3,7,7,TRUE,"[1, 2, 3, 4, 5, 6, 7]",category code,schema variable type + observed values,categorical_integer_code,1,7,"[1, 2, 3, 4, 5, 6, 7]",0.6208,0,0,empirical categorical over allowed codes,"Use only observed numeric codes [1, 2, 3, 4, 5, 6, 7]; keep integer storage; do not re-base or relabel codes; represent nonresponse/not-applicable as NaN."
2624,Lifestyle,Physical activity,Frequency of heavy DIY in last 4 weeks,"205,302",,categorical,1,1,2,6,6,TRUE,"[1, 2, 3, 4, 5, 6]",category code,schema variable type + observed values,categorical_integer_code,1,6,"[1, 2, 3, 4, 5, 6]",0.6215,0,0,empirical categorical over allowed codes,"Use only observed numeric codes [1, 2, 3, 4, 5, 6]; keep integer storage; do not re-base or relabel codes; represent nonresponse/not-applicable as NaN."
1021,Lifestyle,Physical activity,Duration of light DIY,"248,386",,categorical,1,1,3,7,7,TRUE,"[1, 2, 3, 4, 5, 6, 7]",category code,schema variable type + observed values,categorical_integer_code,1,7,"[1, 2, 3, 4, 5, 6, 7]",0.5248,0,0,empirical categorical over allowed codes,"Use only observed numeric codes [1, 2, 3, 4, 5, 6, 7]; keep integer storage; do not re-base or relabel codes; represent nonresponse/not-applicable as NaN."
1011,Lifestyle,Physical activity,Frequency of light DIY in last 4 weeks,"248,386",,categorical,1,1,3,6,6,TRUE,"[1, 2, 3, 4, 5, 6]",category code,schema variable type + observed values,categorical_integer_code,1,6,"[1, 2, 3, 4, 5, 6]",0.5217,0,0,empirical categorical over allowed codes,"Use only observed numeric codes [1, 2, 3, 4, 5, 6]; keep integer storage; do not re-base or relabel codes; represent nonresponse/not-applicable as NaN."
894,Lifestyle,Physical activity,Duration of moderate activity,"410,747",,continuous,0,7,40,360,950,TRUE,,minutes/day,schema Prompts,continuous_numeric,0,950,,0.2605,0,0,bounded right-skewed empirical/log-normal/gamma,"Numeric values; sample envelope [0, 950]; central 98% [7, 360]; use a bounded/long-tail marginal as indicated; do not extrapolate beyond the sample envelope without a formal codebook."
3647,Lifestyle,Physical activity,Duration of other exercises,"235,926",,categorical,1,1,3,7,7,TRUE,"[1, 2, 3, 4, 5, 6, 7]",category code,schema variable type + observed values,categorical_integer_code,1,7,"[1, 2, 3, 4, 5, 6, 7]",0.5332,0,0,empirical categorical over allowed codes,"Use only observed numeric codes [1, 2, 3, 4, 5, 6, 7]; keep integer storage; do not re-base or relabel codes; represent nonresponse/not-applicable as NaN."
3637,Lifestyle,Physical activity,Frequency of other exercises in last 4 weeks,"235,926",,categorical,1,1,4,6,6,TRUE,"[1, 2, 3, 4, 5, 6]",category code,schema variable type + observed values,categorical_integer_code,1,6,"[1, 2, 3, 4, 5, 6]",0.5341,0,0,empirical categorical over allowed codes,"Use only observed numeric codes [1, 2, 3, 4, 5, 6]; keep integer storage; do not re-base or relabel codes; represent nonresponse/not-applicable as NaN."
914,Lifestyle,Physical activity,Duration of vigorous activity,"294,516",,continuous,0,1,30,240,720,TRUE,,minutes/day,schema Prompts,continuous_numeric,0,720,,0.4661,0,0,bounded right-skewed empirical/log-normal/gamma,"Numeric values; sample envelope [0, 720]; central 98% [1, 240]; use a bounded/long-tail marginal as indicated; do not extrapolate beyond the sample envelope without a formal codebook."
874,Lifestyle,Physical activity,Duration of walks,"477,541",,continuous,0,5,30,420,1260,TRUE,,minutes/day,schema Prompts,continuous_numeric,0,1260,,0.1559,0,0,bounded right-skewed empirical/log-normal/gamma,"Numeric values; sample envelope [0, 1260]; central 98% [5, 420]; use a bounded/long-tail marginal as indicated; do not extrapolate beyond the sample envelope without a formal codebook."
981,Lifestyle,Physical activity,Duration walking for pleasure,"350,709",,categorical,1,1,3,7,7,TRUE,"[1, 2, 3, 4, 5, 6, 7]",category code,schema variable type + observed values,categorical_integer_code,1,7,"[1, 2, 3, 4, 5, 6, 7]",0.3025,0,0,empirical categorical over allowed codes,"Use only observed numeric codes [1, 2, 3, 4, 5, 6, 7]; keep integer storage; do not re-base or relabel codes; represent nonresponse/not-applicable as NaN."
971,Lifestyle,Physical activity,Frequency of walking for pleasure in last 4 weeks,"350,709",,categorical,1,1,3,6,6,TRUE,"[1, 2, 3, 4, 5, 6]",category code,schema variable type + observed values,categorical_integer_code,1,6,"[1, 2, 3, 4, 5, 6]",0.301,0,0,empirical categorical over allowed codes,"Use only observed numeric codes [1, 2, 3, 4, 5, 6]; keep integer storage; do not re-base or relabel codes; represent nonresponse/not-applicable as NaN."
943,Lifestyle,Physical activity,Frequency of stair climbing in last 4 weeks,"495,595",,categorical,0,0,2,5,5,TRUE,"[0, 1, 2, 3, 4, 5]",category code,schema variable type + observed values,categorical_integer_code,0,5,"[0, 1, 2, 3, 4, 5]",0.0212,0,0,empirical categorical over allowed codes,"Use only observed numeric codes [0, 1, 2, 3, 4, 5]; keep integer storage; do not re-base or relabel codes; represent nonresponse/not-applicable as NaN."
884,Lifestyle,Physical activity,Number of days/week of moderate physical activity 10+ minutes,"501,271",,continuous,0,0,3,7,7,TRUE,"[0, 1, 2, 3, 4, 5, 6, 7]",days/week,schema Prompts,bounded_integer_or_count,0,7,,0.0528,0,0,bounded empirical integer/count,"Integer values only; sample envelope [0, 7]; central 98% [0, 7]; retain realistic tails and NaN."
904,Lifestyle,Physical activity,Number of days/week of vigorous physical activity 10+ minutes,"501,271",,continuous,0,0,1,7,7,TRUE,"[0, 1, 2, 3, 4, 5, 6, 7]",days/week,schema Prompts,bounded_integer_or_count,0,7,,0.0578,0,0,zero-inflated bounded count,"Integer values only; sample envelope [0, 7]; central 98% [0, 7]; retain realistic tails and NaN."
864,Lifestyle,Physical activity,Number of days/week walked 10+ minutes,"501,275",,continuous,0,0,6,7,7,TRUE,"[0, 1, 2, 3, 4, 5, 6, 7]",days/week,schema Prompts,bounded_integer_or_count,0,7,,0.0197,0,0,bounded empirical integer/count,"Integer values only; sample envelope [0, 7]; central 98% [0, 7]; retain realistic tails and NaN."
1090,Lifestyle,Physical activity,Time spent driving,"501,023",,continuous,0,0,0,7,20,TRUE,"[0, 1, 2, 3, 4, 5, 6, 7, 8, 9, 10, 11, 12, 14, 15, 20]",hours/day,schema Prompts,bounded_integer_or_count,0,20,,0.0199,0,0,zero-inflated bounded count,"Integer values only; sample envelope [0, 20]; central 98% [0, 7]; retain realistic tails and NaN."
1080,Lifestyle,Physical activity,Time spent using computer,"497,498",,continuous,0,0,1,7,14,TRUE,"[0, 1, 2, 3, 4, 5, 6, 7, 8, 9, 10, 11, 12, 13, 14]",hours/day,schema Prompts,bounded_integer_or_count,0,14,,0.0201,0,0,zero-inflated bounded count,"Integer values only; sample envelope [0, 14]; central 98% [0, 7]; retain realistic tails and NaN."
1070,Lifestyle,Physical activity,Time spent watching television (TV),"501,266",,continuous,0,0,3,8,24,TRUE,"[0, 1, 2, 3, 4, 5, 6, 7, 8, 9, 10, 11, 12, 14, 15, 18, 20, 21, 24]",hours/day,schema Prompts,bounded_integer_or_count,0,24,,0.0111,0,0,bounded empirical integer/count,"Integer values only; sample envelope [0, 24]; central 98% [0, 8]; retain realistic tails and NaN."
924,Lifestyle,Physical activity,Usual walking pace,"499,343",,categorical,1,1,2,3,3,TRUE,"[1, 2, 3]",category code,schema variable type + observed values,categorical_integer_code,1,3,"[1, 2, 3]",0.0091,0,0,empirical categorical over allowed codes,"Use only observed numeric codes [1, 2, 3]; keep integer storage; do not re-base or relabel codes; represent nonresponse/not-applicable as NaN."
1120,Lifestyle,Electronic device use,Weekly usage of mobile phone in last 3 months,"423,017",,categorical,0,0,1,5,5,TRUE,"[0, 1, 2, 3, 4, 5]",category code,schema variable type + observed values,categorical_integer_code,0,5,"[0, 1, 2, 3, 4, 5]",0.1662,0,0,empirical categorical over allowed codes,"Use only observed numeric codes [0, 1, 2, 3, 4, 5]; keep integer storage; do not re-base or relabel codes; represent nonresponse/not-applicable as NaN."
1130,Lifestyle,Electronic device use,Hands-free device/speakerphone use with mobile phone in last 3 month,"423,017",,categorical,0,0,0,4,4,TRUE,"[0, 1, 2, 3, 4]",category code,schema variable type + observed values,categorical_integer_code,0,4,"[0, 1, 2, 3, 4]",0.1632,0,0,empirical categorical over allowed codes,"Use only observed numeric codes [0, 1, 2, 3, 4]; keep integer storage; do not re-base or relabel codes; represent nonresponse/not-applicable as NaN."
2237,Lifestyle,Electronic device use,Plays computer games,"501,230",,categorical,0,0,0,2,2,TRUE,"[0, 1, 2]",category code,schema variable type + observed values,categorical_integer_code,0,2,"[0, 1, 2]",0.0032,0,0,empirical categorical over allowed codes,"Use only observed numeric codes [0, 1, 2]; keep integer storage; do not re-base or relabel codes; represent nonresponse/not-applicable as NaN."
1160,Lifestyle,Sleep,Sleep duration,"501,262",,continuous,2,4,7,10,20,TRUE,"[2, 3, 4, 5, 6, 7, 8, 9, 10, 11, 12, 13, 14, 15, 16, 19, 20]",hours/day,schema Prompts,bounded_integer_or_count,2,20,,0.0083,0,0,bounded empirical integer/count,"Integer values only; sample envelope [2, 20]; central 98% [4, 10]; retain realistic tails and NaN."
1170,Lifestyle,Sleep,Getting up in morning,"497,495",,categorical,1,1,3,4,4,TRUE,"[1, 2, 3, 4]",category code,schema variable type + observed values,categorical_integer_code,1,4,"[1, 2, 3, 4]",0.0111,0,0,empirical categorical over allowed codes,"Use only observed numeric codes [1, 2, 3, 4]; keep integer storage; do not re-base or relabel codes; represent nonresponse/not-applicable as NaN."
1180,Lifestyle,Sleep,Morning/evening person (chronotype),"497,493",,categorical,1,1,2,4,4,TRUE,"[1, 2, 3, 4]",category code,schema variable type + observed values,categorical_integer_code,1,4,"[1, 2, 3, 4]",0.1175,0,0,empirical categorical over allowed codes,"Use only observed numeric codes [1, 2, 3, 4]; keep integer storage; do not re-base or relabel codes; represent nonresponse/not-applicable as NaN."
1190,Lifestyle,Sleep,Nap during day,"501,258",,categorical,1,1,1,3,3,TRUE,"[1, 2, 3]",category code,schema variable type + observed values,categorical_integer_code,1,3,"[1, 2, 3]",0.0038,0,0,empirical categorical over allowed codes,"Use only observed numeric codes [1, 2, 3]; keep integer storage; do not re-base or relabel codes; represent nonresponse/not-applicable as NaN."
1200,Lifestyle,Sleep,Sleeplessness / insomnia,"501,258",,categorical,1,1,2,3,3,TRUE,"[1, 2, 3]",category code,schema variable type + observed values,categorical_integer_code,1,3,"[1, 2, 3]",0.0031,0,0,empirical categorical over allowed codes,"Use only observed numeric codes [1, 2, 3]; keep integer storage; do not re-base or relabel codes; represent nonresponse/not-applicable as NaN."
1210,Lifestyle,Sleep,Snoring,"501,258",,categorical,1,1,2,2,2,TRUE,"[1, 2]",category code,schema variable type + observed values,categorical_integer_code,1,2,"[1, 2]",0.0754,0,0,empirical categorical over allowed codes,"Use only observed numeric codes [1, 2]; keep integer storage; do not re-base or relabel codes; represent nonresponse/not-applicable as NaN."
1220,Lifestyle,Sleep,Daytime dozing / sleeping,"501,257",,categorical,0,0,0,2,3,TRUE,"[0, 1, 2, 3]",category code,schema variable type + observed values,categorical_integer_code,0,3,"[0, 1, 2, 3]",0.0074,0,0,empirical categorical over allowed codes,"Use only observed numeric codes [0, 1, 2, 3]; keep integer storage; do not re-base or relabel codes; represent nonresponse/not-applicable as NaN."
20116,Lifestyle,Smoke,Smoking status,"501,258",,categorical,0,0,0,2,2,TRUE,"[0, 1, 2]",category code,schema variable type + observed values,categorical_integer_code,0,2,"[0, 1, 2]",0.0064,0,0,empirical categorical over allowed codes,"Use only observed numeric codes [0, 1, 2]; keep integer storage; do not re-base or relabel codes; represent nonresponse/not-applicable as NaN."
1239,Lifestyle,Smoke,Current tobacco smoking,"501,258",,categorical,0,0,0,2,2,TRUE,"[0, 1, 2]",category code,schema variable type + observed values,categorical_integer_code,0,2,"[0, 1, 2]",0.0027,0,0,empirical categorical over allowed codes,"Use only observed numeric codes [0, 1, 2]; keep integer storage; do not re-base or relabel codes; represent nonresponse/not-applicable as NaN."
1249,Lifestyle,Smoke,Past tobacco smoking,"462,047",,categorical,1,1,3,4,4,TRUE,"[1, 2, 3, 4]",category code,schema variable type + observed values,categorical_integer_code,1,4,"[1, 2, 3, 4]",0.0815,0,0,empirical categorical over allowed codes,"Use only observed numeric codes [1, 2, 3, 4]; keep integer storage; do not re-base or relabel codes; represent nonresponse/not-applicable as NaN."
20161,Lifestyle,Smoke,Pack years of smoking,"150,834",,continuous,0,0.5,19,88.33,222,FALSE,,pack-years,field meaning,continuous_numeric,0,222,,0.7065,3,3,bounded right-skewed empirical/log-normal/gamma,"Numeric values; sample envelope [0, 222]; central 98% [0.5, 88.33]; use a bounded/long-tail marginal as indicated; do not extrapolate beyond the sample envelope without a formal codebook."
1259,Lifestyle,Smoke,Smoking/smokers in household,"458,680",,categorical,0,0,0,2,2,TRUE,"[0, 1, 2]",category code,schema variable type + observed values,categorical_integer_code,0,2,"[0, 1, 2]",0.0858,0,0,empirical categorical over allowed codes,"Use only observed numeric codes [0, 1, 2]; keep integer storage; do not re-base or relabel codes; represent nonresponse/not-applicable as NaN."
1269,Lifestyle,Smoke,Exposure to tobacco smoke at home,"462,447",,continuous,0,0,0,16,100,TRUE,,hours/week,schema Prompts,continuous_numeric,0,100,,0.1004,0,0,zero-inflated positive empirical/log-normal mixture,"Numeric values; sample envelope [0, 100]; central 98% [0, 16]; use a bounded/long-tail marginal as indicated; do not extrapolate beyond the sample envelope without a formal codebook."
1279,Lifestyle,Smoke,Exposure to tobacco smoke outside home,"462,447",,continuous,0,0,0,8,100,TRUE,,hours/week,schema Prompts,continuous_numeric,0,100,,0.1581,0,0,zero-inflated positive empirical/log-normal mixture,"Numeric values; sample envelope [0, 100]; central 98% [0, 8]; use a bounded/long-tail marginal as indicated; do not extrapolate beyond the sample envelope without a formal codebook."
1289,Lifestyle,Diet,Cooked vegetable intake,"501,256",,continuous,0,0,2,10,50,TRUE,,tablespoons/day,schema Prompts,continuous_numeric,0,50,,0.0174,0,0,bounded right-skewed empirical/log-normal/gamma,"Numeric values; sample envelope [0, 50]; central 98% [0, 10]; use a bounded/long-tail marginal as indicated; do not extrapolate beyond the sample envelope without a formal codebook."
1299,Lifestyle,Diet,Salad / raw vegetable intake,"501,256",,continuous,0,0,2,10,50,TRUE,,tablespoons/day,schema Prompts,continuous_numeric,0,50,,0.0182,0,0,bounded right-skewed empirical/log-normal/gamma,"Numeric values; sample envelope [0, 50]; central 98% [0, 10]; use a bounded/long-tail marginal as indicated; do not extrapolate beyond the sample envelope without a formal codebook."
1309,Lifestyle,Diet,Fresh fruit intake,"501,256",,continuous,0,0,2,7,44,TRUE,"[0, 1, 2, 3, 4, 5, 6, 7, 8, 9, 10, 11, 12, 13, 14, 15, 21, 22, 23, 25, 44]",pieces/day,schema Prompts,bounded_integer_or_count,0,44,,0.006,0,0,bounded empirical integer/count,"Integer values only; sample envelope [0, 44]; central 98% [0, 7]; retain realistic tails and NaN."
1319,Lifestyle,Diet,Dried fruit intake,"501,255",,continuous,0,0,0,8,100,TRUE,"[0, 1, 2, 3, 4, 5, 6, 7, 8, 9, 10, 11, 12, 13, 14, 15, 18, 20, 22, 25, 30, 40, 100]",pieces/day,schema Prompts,bounded_integer_or_count,0,100,,0.014,0,0,zero-inflated bounded count,"Integer values only; sample envelope [0, 100]; central 98% [0, 8]; retain realistic tails and NaN."
1438,Lifestyle,Diet,Bread intake,"497,485",,continuous,0,0,10,40,96,TRUE,,slices/week,schema Prompts,continuous_numeric,0,96,,0.0232,0,0,bounded right-skewed empirical/log-normal/gamma,"Numeric values; sample envelope [0, 96]; central 98% [0, 40]; use a bounded/long-tail marginal as indicated; do not extrapolate beyond the sample envelope without a formal codebook."
1458,Lifestyle,Diet,Cereal intake,"501,135",,continuous,0,0,5,10,33,TRUE,"[0, 1, 2, 3, 4, 5, 6, 7, 8, 9, 10, 12, 14, 15, 16, 17, 18, 20, 21, 33]",bowls/week,schema Prompts,bounded_integer_or_count,0,33,,0.0059,0,0,bounded empirical integer/count,"Integer values only; sample envelope [0, 33]; central 98% [0, 10]; retain realistic tails and NaN."
1488,Lifestyle,Diet,Tea intake,"501,252",,continuous,0,0,3,14,42,TRUE,,cups/day,schema Prompts,continuous_numeric,0,42,,0.0044,0,0,bounded right-skewed empirical/log-normal/gamma,"Numeric values; sample envelope [0, 42]; central 98% [0, 14]; use a bounded/long-tail marginal as indicated; do not extrapolate beyond the sample envelope without a formal codebook."
1498,Lifestyle,Diet,Coffee intake,"501,252",,continuous,0,0,1,8,40,TRUE,"[0, 1, 2, 3, 4, 5, 6, 7, 8, 9, 10, 11, 12, 14, 15, 16, 20, 25, 28, 30, 35, 40]",cups/day,schema Prompts,bounded_integer_or_count,0,40,,0.0057,0,0,zero-inflated bounded count,"Integer values only; sample envelope [0, 40]; central 98% [0, 8]; retain realistic tails and NaN."
1528,Lifestyle,Diet,Water intake,"501,252",,continuous,0,0,2,10,30,TRUE,"[0, 1, 2, 3, 4, 5, 6, 7, 8, 9, 10, 11, 12, 14, 15, 16, 20, 25, 30]",glasses/day,schema Prompts,bounded_integer_or_count,0,30,,0.0101,0,0,bounded empirical integer/count,"Integer values only; sample envelope [0, 30]; central 98% [0, 10]; retain realistic tails and NaN."
1518,Lifestyle,Diet,Hot drink temperature,"501,252",,categorical,1,1,2,3,3,TRUE,"[1, 2, 3]",category code,schema variable type + observed values,categorical_integer_code,1,3,"[1, 2, 3]",0.0141,0,0,empirical categorical over allowed codes,"Use only observed numeric codes [1, 2, 3]; keep integer storage; do not re-base or relabel codes; represent nonresponse/not-applicable as NaN."
1329,Lifestyle,Diet,Oily fish intake,"501,255",,categorical,0,0,2,4,5,TRUE,"[0, 1, 2, 3, 4, 5]",category code,schema variable type + observed values,categorical_integer_code,0,5,"[0, 1, 2, 3, 4, 5]",0.008,0,0,empirical categorical over allowed codes,"Use only observed numeric codes [0, 1, 2, 3, 4, 5]; keep integer storage; do not re-base or relabel codes; represent nonresponse/not-applicable as NaN."
1339,Lifestyle,Diet,Non-oily fish intake,"501,255",,categorical,0,0,2,3,5,TRUE,"[0, 1, 2, 3, 4, 5]",category code,schema variable type + observed values,categorical_integer_code,0,5,"[0, 1, 2, 3, 4, 5]",0.008,0,0,empirical categorical over allowed codes,"Use only observed numeric codes [0, 1, 2, 3, 4, 5]; keep integer storage; do not re-base or relabel codes; represent nonresponse/not-applicable as NaN."
1349,Lifestyle,Diet,Processed meat intake,"501,254",,categorical,0,0,2,4,5,TRUE,"[0, 1, 2, 3, 4, 5]",category code,schema variable type + observed values,categorical_integer_code,0,5,"[0, 1, 2, 3, 4, 5]",0.0046,0,0,empirical categorical over allowed codes,"Use only observed numeric codes [0, 1, 2, 3, 4, 5]; keep integer storage; do not re-base or relabel codes; represent nonresponse/not-applicable as NaN."
1359,Lifestyle,Diet,Poultry intake,"501,254",,categorical,0,0,2,4,5,TRUE,"[0, 1, 2, 3, 4, 5]",category code,schema variable type + observed values,categorical_integer_code,0,5,"[0, 1, 2, 3, 4, 5]",0.0039,0,0,empirical categorical over allowed codes,"Use only observed numeric codes [0, 1, 2, 3, 4, 5]; keep integer storage; do not re-base or relabel codes; represent nonresponse/not-applicable as NaN."
1369,Lifestyle,Diet,Beef intake,"501,254",,categorical,0,0,1,3,5,TRUE,"[0, 1, 2, 3, 4, 5]",category code,schema variable type + observed values,categorical_integer_code,0,5,"[0, 1, 2, 3, 4, 5]",0.0061,0,0,empirical categorical over allowed codes,"Use only observed numeric codes [0, 1, 2, 3, 4, 5]; keep integer storage; do not re-base or relabel codes; represent nonresponse/not-applicable as NaN."
1379,Lifestyle,Diet,Lamb/mutton intake,"501,254",,categorical,0,0,1,3,5,TRUE,"[0, 1, 2, 3, 4, 5]",category code,schema variable type + observed values,categorical_integer_code,0,5,"[0, 1, 2, 3, 4, 5]",0.0086,0,0,empirical categorical over allowed codes,"Use only observed numeric codes [0, 1, 2, 3, 4, 5]; keep integer storage; do not re-base or relabel codes; represent nonresponse/not-applicable as NaN."
1389,Lifestyle,Diet,Pork intake,"501,252",,categorical,0,0,1,3,5,TRUE,"[0, 1, 2, 3, 4, 5]",category code,schema variable type + observed values,categorical_integer_code,0,5,"[0, 1, 2, 3, 4, 5]",0.0094,0,0,empirical categorical over allowed codes,"Use only observed numeric codes [0, 1, 2, 3, 4, 5]; keep integer storage; do not re-base or relabel codes; represent nonresponse/not-applicable as NaN."
1408,Lifestyle,Diet,Cheese intake,"489,289",,categorical,0,0,3,5,5,TRUE,"[0, 1, 2, 3, 4, 5]",category code,schema variable type + observed values,categorical_integer_code,0,5,"[0, 1, 2, 3, 4, 5]",0.0287,0,0,empirical categorical over allowed codes,"Use only observed numeric codes [0, 1, 2, 3, 4, 5]; keep integer storage; do not re-base or relabel codes; represent nonresponse/not-applicable as NaN."
1478,Lifestyle,Diet,Salt added to food,"501,252",,categorical,1,1,1,4,4,TRUE,"[1, 2, 3, 4]",category code,schema variable type + observed values,categorical_integer_code,1,4,"[1, 2, 3, 4]",0.0024,0,0,empirical categorical over allowed codes,"Use only observed numeric codes [1, 2, 3, 4]; keep integer storage; do not re-base or relabel codes; represent nonresponse/not-applicable as NaN."
6144,Lifestyle,Diet,"Never eat eggs, dairy, wheat, sugar","497,485",,categorical,1,1,5,5,5,TRUE,"[1, 2, 3, 4, 5]",category code,schema variable type + observed values,categorical_integer_code,1,5,"[1, 2, 3, 4, 5]",0.0128,0,0,empirical categorical over allowed codes,"Use only observed numeric codes [1, 2, 3, 4, 5]; keep integer storage; do not re-base or relabel codes; represent nonresponse/not-applicable as NaN."
20117,Lifestyle,Alcohol,Alcohol drinker status,"501,252",,categorical,0,0,2,2,2,TRUE,"[0, 1, 2]",category code,schema variable type + observed values,categorical_integer_code,0,2,"[0, 1, 2]",0.0033,0,0,empirical categorical over allowed codes,"Use only observed numeric codes [0, 1, 2]; keep integer storage; do not re-base or relabel codes; represent nonresponse/not-applicable as NaN."
1558,Lifestyle,Alcohol,Alcohol intake frequency.,"501,252",,categorical,1,1,3,6,6,TRUE,"[1, 2, 3, 4, 5, 6]",category code,schema variable type + observed values,categorical_integer_code,1,6,"[1, 2, 3, 4, 5, 6]",0.0029,0,0,empirical categorical over allowed codes,"Use only observed numeric codes [1, 2, 3, 4, 5, 6]; keep integer storage; do not re-base or relabel codes; represent nonresponse/not-applicable as NaN."
1568,Lifestyle,Alcohol,Average weekly red wine intake,"346,269",,continuous,0,0,2,28,80,TRUE,,glasses/week,schema Prompts,continuous_numeric,0,80,,0.311,0,0,zero-inflated positive empirical/log-normal mixture,"Numeric values; sample envelope [0, 80]; central 98% [0, 28]; use a bounded/long-tail marginal as indicated; do not extrapolate beyond the sample envelope without a formal codebook."
1578,Lifestyle,Alcohol,Average weekly champagne plus white wine intake,"346,268",,continuous,0,0,1,21,80,TRUE,,glasses/week,schema Prompts,continuous_numeric,0,80,,0.3121,0,0,zero-inflated positive empirical/log-normal mixture,"Numeric values; sample envelope [0, 80]; central 98% [0, 21]; use a bounded/long-tail marginal as indicated; do not extrapolate beyond the sample envelope without a formal codebook."
1588,Lifestyle,Alcohol,Average weekly beer plus cider intake,"346,268",Do not sum these quantities because their units differ,continuous,0,0,1,28,70,TRUE,,pints/week,schema Prompts,continuous_numeric,0,70,,0.3093,0,0,zero-inflated positive empirical/log-normal mixture,"Numeric values; sample envelope [0, 70]; central 98% [0, 28]; use a bounded/long-tail marginal as indicated; do not extrapolate beyond the sample envelope without a formal codebook."
1598,Lifestyle,Alcohol,Average weekly spirits intake,"346,268",,continuous,0,0,0,25,100,TRUE,,measures/week,schema Prompts,continuous_numeric,0,100,,0.3113,0,0,zero-inflated positive empirical/log-normal mixture,"Numeric values; sample envelope [0, 100]; central 98% [0, 25]; use a bounded/long-tail marginal as indicated; do not extrapolate beyond the sample envelope without a formal codebook."
1608,Lifestyle,Alcohol,Average weekly fortified wine intake,"346,268",,continuous,0,0,0,5,42,TRUE,"[0, 1, 2, 3, 4, 5, 6, 7, 8, 9, 10, 12, 14, 18, 21, 24, 42]",glasses/week,schema Prompts,bounded_integer_or_count,0,42,,0.3097,0,0,zero-inflated bounded count,"Integer values only; sample envelope [0, 42]; central 98% [0, 5]; retain realistic tails and NaN."
1618,Lifestyle,Alcohol,Alcohol usually taken with meals,"387,069",,categorical,0,0,1,1,1,TRUE,"[0, 1]",category code,schema variable type + observed values,categorical_integer_code,0,1,"[0, 1]",0.4922,0,0,empirical categorical over allowed codes,"Use only observed numeric codes [0, 1]; keep integer storage; do not re-base or relabel codes; represent nonresponse/not-applicable as NaN."
1050,Lifestyle,Sun exposure,Time spend outdoors in summer,"497,500",,continuous,0,0,3,10,20,TRUE,"[0, 1, 2, 3, 4, 5, 6, 7, 8, 9, 10, 11, 12, 13, 14, 15, 16, 17, 18, 20]",hours/day,schema Prompts,bounded_integer_or_count,0,20,,0.0698,0,0,bounded empirical integer/count,"Integer values only; sample envelope [0, 20]; central 98% [0, 10]; retain realistic tails and NaN."
1060,Lifestyle,Sun exposure,Time spent outdoors in winter,"497,500",,continuous,0,0,1,9,24,TRUE,"[0, 1, 2, 3, 4, 5, 6, 7, 8, 9, 10, 11, 12, 13, 14, 16, 17, 20, 24]",hours/day,schema Prompts,bounded_integer_or_count,0,24,,0.071,0,0,zero-inflated bounded count,"Integer values only; sample envelope [0, 24]; central 98% [0, 9]; retain realistic tails and NaN."
1717,Lifestyle,Sun exposure,Skin colour,"501,250",,categorical,1,1,2,5,6,TRUE,"[1, 2, 3, 4, 5, 6]",category code,schema variable type + observed values,categorical_integer_code,1,6,"[1, 2, 3, 4, 5, 6]",0.0168,0,0,empirical categorical over allowed codes,"Use only observed numeric codes [1, 2, 3, 4, 5, 6]; keep integer storage; do not re-base or relabel codes; represent nonresponse/not-applicable as NaN."
1727,Lifestyle,Sun exposure,Ease of skin tanning,"497,483",,categorical,1,1,2,4,4,TRUE,"[1, 2, 3, 4]",category code,schema variable type + observed values,categorical_integer_code,1,4,"[1, 2, 3, 4]",0.0386,0,0,empirical categorical over allowed codes,"Use only observed numeric codes [1, 2, 3, 4]; keep integer storage; do not re-base or relabel codes; represent nonresponse/not-applicable as NaN."
1737,Lifestyle,Sun exposure,Childhood sunburn occasions,"497,483",,continuous,0,0,0,15,200,TRUE,"[0, 1, 2, 3, 4, 5, 6, 7, 8, 9, 10, 12, 14, 15, 18, 20, 24, 25, 30, 35, 40, 50, 100, 200]",occasions,field meaning,bounded_integer_or_count,0,200,,0.2544,0,0,zero-inflated bounded count,"Integer values only; sample envelope [0, 200]; central 98% [0, 15]; retain realistic tails and NaN."
1747,Lifestyle,Sun exposure,"Hair colour (natural, before greying)","501,250",,categorical,1,1,3,6,6,TRUE,"[1, 2, 3, 4, 5, 6]",category code,schema variable type + observed values,categorical_integer_code,1,6,"[1, 2, 3, 4, 5, 6]",0.0049,0,0,empirical categorical over allowed codes,"Use only observed numeric codes [1, 2, 3, 4, 5, 6]; keep integer storage; do not re-base or relabel codes; represent nonresponse/not-applicable as NaN."
1757,Lifestyle,Sun exposure,Facial ageing,"497,482",,categorical,1,1,1,3,3,TRUE,"[1, 2, 3]",category code,schema variable type + observed values,categorical_integer_code,1,3,"[1, 2, 3]",0.0894,0,0,empirical categorical over allowed codes,"Use only observed numeric codes [1, 2, 3]; keep integer storage; do not re-base or relabel codes; represent nonresponse/not-applicable as NaN."
2267,Lifestyle,Sun exposure,Use of sun/uv protection,"497,463",,categorical,1,1,3,4,5,TRUE,"[1, 2, 3, 4, 5]",category code,schema variable type + observed values,categorical_integer_code,1,5,"[1, 2, 3, 4, 5]",0.0119,0,0,empirical categorical over allowed codes,"Use only observed numeric codes [1, 2, 3, 4, 5]; keep integer storage; do not re-base or relabel codes; represent nonresponse/not-applicable as NaN."
2277,Lifestyle,Sun exposure,Frequency of solarium/sunlamp use,"497,463",,continuous,0,0,0,12,300,TRUE,,occasions,field meaning,bounded_integer_or_count,0,300,,0.022,0,0,zero-inflated bounded count,"Integer values only; sample envelope [0, 300]; central 98% [0, 12]; retain realistic tails and NaN."
2139,Lifestyle,Sexual factors,Age first had sexual intercourse,"456,931",,continuous,3,13,18,32,62,TRUE,,years,field meaning,continuous_numeric,3,62,,0.1372,0,0,bounded right-skewed empirical/log-normal/gamma,"Numeric values; sample envelope [3, 62]; central 98% [13, 32]; use a bounded/long-tail marginal as indicated; do not extrapolate beyond the sample envelope without a formal codebook."
2149,Lifestyle,Sexual factors,Lifetime number of sexual partners,"452,766",,continuous,1,1,3,50,1500,TRUE,,partners,field meaning,continuous_numeric,1,1500,,0.1974,0,0,bounded right-skewed empirical/log-normal/gamma,"Numeric values; sample envelope [1, 1500]; central 98% [1, 50]; use a bounded/long-tail marginal as indicated; do not extrapolate beyond the sample envelope without a formal codebook."
2159,Lifestyle,Sexual factors,Ever had same-sex intercourse,"452,766",,binary,0,0,0,1,1,TRUE,"[0, 1]",binary code,schema variable type + observed values,binary_integer_code,0,1,"[0, 1]",0.1117,0,0,empirical Bernoulli,"Use only observed numeric codes [0, 1]; keep integer storage; do not re-base or relabel codes; represent nonresponse/not-applicable as NaN."
1677,Environment,Early life factors,Breastfed as a baby,"501,251",,binary,0,0,1,1,1,TRUE,"[0, 1]",binary code,schema variable type + observed values,binary_integer_code,0,1,"[0, 1]",0.2291,0,0,empirical Bernoulli,"Use only observed numeric codes [0, 1]; keep integer storage; do not re-base or relabel codes; represent nonresponse/not-applicable as NaN."
1777,Environment,Early life factors,Part of a multiple birth,"493,896",,binary,0,0,0,1,1,TRUE,"[0, 1]",binary code,schema variable type + observed values,binary_integer_code,0,1,"[0, 1]",0.0187,0,0,empirical Bernoulli,"Use only observed numeric codes [0, 1]; keep integer storage; do not re-base or relabel codes; represent nonresponse/not-applicable as NaN."
1787,Environment,Early life factors,Maternal smoking around birth,"493,896",,binary,0,0,0,1,1,TRUE,"[0, 1]",binary code,schema variable type + observed values,binary_integer_code,0,1,"[0, 1]",0.1434,0,0,empirical Bernoulli,"Use only observed numeric codes [0, 1]; keep integer storage; do not re-base or relabel codes; represent nonresponse/not-applicable as NaN."
2946,Environment,Family history,Father's age,"114,515",,continuous,60,62,78,94,98,TRUE,,years,schema Prompts,continuous_numeric,60,98,,0.7758,0,0,bounded approximately normal / empirical quantile,"Numeric values; sample envelope [60, 98]; central 98% [62, 94]; use a bounded/long-tail marginal as indicated; do not extrapolate beyond the sample envelope without a formal codebook."
1807,Environment,Family history,Father's age at death,"377,843",,continuous,10,33,72,94,109,TRUE,,years,schema Prompts,continuous_numeric,10,109,,0.274,0,0,bounded approximately normal / empirical quantile,"Numeric values; sample envelope [10, 109]; central 98% [33, 94]; use a bounded/long-tail marginal as indicated; do not extrapolate beyond the sample envelope without a formal codebook."
1845,Environment,Family history,Mother's age,"199,137",,continuous,60,61,79,96,105,TRUE,,years,schema Prompts,continuous_numeric,60,105,,0.6036,0,0,bounded approximately normal / empirical quantile,"Numeric values; sample envelope [60, 105]; central 98% [61, 96]; use a bounded/long-tail marginal as indicated; do not extrapolate beyond the sample envelope without a formal codebook."
3526,Environment,Family history,Mother's age at death,"298,281",,continuous,18,34,76,96,104,TRUE,,years,schema Prompts,continuous_numeric,18,104,,0.4225,0,0,bounded empirical quantile / transformed distribution,"Numeric values; sample envelope [18, 104]; central 98% [34, 96]; use a bounded/long-tail marginal as indicated; do not extrapolate beyond the sample envelope without a formal codebook."
4501,Environment,Family history,Non-accidental death in close genetic family,"169,517",,binary,0,0,0,1,1,TRUE,"[0, 1]",binary code,schema variable type + observed values,binary_integer_code,0,1,"[0, 1]",0.679,0,0,empirical Bernoulli,"Use only observed numeric codes [0, 1]; keep integer storage; do not re-base or relabel codes; represent nonresponse/not-applicable as NaN."
2188,Environment,General health,"Long-standing illness, disability or infirmity","501,231",,binary,0,0,0,1,1,TRUE,"[0, 1]",binary code,schema variable type + observed values,binary_integer_code,0,1,"[0, 1]",0.0265,0,0,empirical Bernoulli,"Use only observed numeric codes [0, 1]; keep integer storage; do not re-base or relabel codes; represent nonresponse/not-applicable as NaN."
30160,Blood count,Blood count,Basophill count,,,,0,0,0.02,0.2,1.5,FALSE,,10^9 cells/L,schema Prompts,continuous_numeric,0,1.5,,0.0489,2,2,zero-inflated positive empirical/log-normal mixture,"Numeric values; sample envelope [0, 1.5]; central 98% [0, 0.2]; use a bounded/long-tail marginal as indicated; do not extrapolate beyond the sample envelope without a formal codebook."
30220,Blood count,Blood count,Basophill percentage,,,,0,0.08,0.42,2.4,13.49,FALSE,,%,schema Prompts,continuous_numeric,0,13.49,,0.0489,2,2,bounded right-skewed empirical/log-normal/gamma,"Numeric values; sample envelope [0, 13.49]; central 98% [0.08, 2.4]; use a bounded/long-tail marginal as indicated; do not extrapolate beyond the sample envelope without a formal codebook."
30150,Blood count,Blood count,Eosinophill count,,,,0,0,0.14,0.66,2.4,FALSE,,10^9 cells/L,schema Prompts,continuous_numeric,0,2.4,,0.0489,2,2,bounded right-skewed empirical/log-normal/gamma,"Numeric values; sample envelope [0, 2.4]; central 98% [0, 0.66]; use a bounded/long-tail marginal as indicated; do not extrapolate beyond the sample envelope without a formal codebook."
30210,Blood count,Blood count,Eosinophill percentage,,,,0,0.3,2.14,9.098,35.1,FALSE,,%,schema Prompts,continuous_numeric,0,35.1,,0.0489,2,2,bounded right-skewed empirical/log-normal/gamma,"Numeric values; sample envelope [0, 35.1]; central 98% [0.3, 9.098]; use a bounded/long-tail marginal as indicated; do not extrapolate beyond the sample envelope without a formal codebook."
30030,Blood count,Blood count,Haematocrit percentage,,,,7.7,32.7,41.05,49.3316,56.11,FALSE,,%,schema Prompts,continuous_numeric,7.7,56.11,,0.0471,2,2,bounded approximately normal / empirical quantile,"Numeric values; sample envelope [7.7, 56.11]; central 98% [32.7, 49.3316]; use a bounded/long-tail marginal as indicated; do not extrapolate beyond the sample envelope without a formal codebook."
30020,Blood count,Blood count,Haemoglobin concentration,,,,2.4,11.2056,14.16,17.02,19,FALSE,,g/dL,schema Prompts,continuous_numeric,2.4,19,,0.0471,2,2,bounded approximately normal / empirical quantile,"Numeric values; sample envelope [2.4, 19]; central 98% [11.2056, 17.02]; use a bounded/long-tail marginal as indicated; do not extrapolate beyond the sample envelope without a formal codebook."
30300,Blood count,Blood count,High light scatter reticulocyte count,,,,0,0.004,0.016,0.047,0.284,FALSE,,10^12 cells/L,schema Prompts,continuous_numeric,0,0.284,,0.0652,3,3,bounded right-skewed empirical/log-normal/gamma,"Numeric values; sample envelope [0, 0.284]; central 98% [0.004, 0.047]; use a bounded/long-tail marginal as indicated; do not extrapolate beyond the sample envelope without a formal codebook."
30290,Blood count,Blood count,High light scatter reticulocyte percentage,,,,0.006,0.092,0.357,1.03,6.578,FALSE,,%,schema Prompts,continuous_numeric,0.006,6.578,,0.0652,3,3,bounded right-skewed empirical/log-normal/gamma,"Numeric values; sample envelope [0.006, 6.578]; central 98% [0.092, 1.03]; use a bounded/long-tail marginal as indicated; do not extrapolate beyond the sample envelope without a formal codebook."
30280,Blood count,Blood count,Immature reticulocyte fraction,,,,0.015,0.15,0.29,0.43906,0.619,FALSE,,ratio,schema Prompts,continuous_numeric,0.015,0.619,,0.0652,3,3,bounded approximately normal / empirical quantile,"Numeric values; sample envelope [0.015, 0.619]; central 98% [0.15, 0.43906]; use a bounded/long-tail marginal as indicated; do not extrapolate beyond the sample envelope without a formal codebook."
30120,Blood count,Blood count,Lymphocyte count,,,,0,0.8,1.89,3.72,16.9,FALSE,,10^9 cells/L,schema Prompts,continuous_numeric,0,16.9,,0.0489,2,2,bounded right-skewed empirical/log-normal/gamma,"Numeric values; sample envelope [0, 16.9]; central 98% [0.8, 3.72]; use a bounded/long-tail marginal as indicated; do not extrapolate beyond the sample envelope without a formal codebook."
30180,Blood count,Blood count,Lymphocyte percentage,,,,1.9,12.463,28.59,47.8,76.9,FALSE,,%,schema Prompts,continuous_numeric,1.9,76.9,,0.0489,2,2,bounded approximately normal / empirical quantile,"Numeric values; sample envelope [1.9, 76.9]; central 98% [12.463, 47.8]; use a bounded/long-tail marginal as indicated; do not extrapolate beyond the sample envelope without a formal codebook."
30050,Blood count,Blood count,Mean corpuscular haemoglobin,,,,18.65,26.4484,31.5,35.5144,87.51,FALSE,,pg,schema Prompts,continuous_numeric,18.65,87.51,,0.0471,2,2,bounded right-skewed empirical/log-normal/gamma,"Numeric values; sample envelope [18.65, 87.51]; central 98% [26.4484, 35.5144]; use a bounded/long-tail marginal as indicated; do not extrapolate beyond the sample envelope without a formal codebook."
30060,Blood count,Blood count,Mean corpuscular haemoglobin concentration,,,,23.08,32.4,34.45,36.9,87.64,FALSE,,g/dL,schema Prompts,continuous_numeric,23.08,87.64,,0.0471,2,2,bounded right-skewed empirical/log-normal/gamma,"Numeric values; sample envelope [23.08, 87.64]; central 98% [32.4, 36.9]; use a bounded/long-tail marginal as indicated; do not extrapolate beyond the sample envelope without a formal codebook."
30040,Blood count,Blood count,Mean corpuscular volume,,,,59.3,79.3,91.25,101.5,120.2,FALSE,,fL,schema Prompts,continuous_numeric,59.3,120.2,,0.0471,2,2,bounded approximately normal / empirical quantile,"Numeric values; sample envelope [59.3, 120.2]; central 98% [79.3, 101.5]; use a bounded/long-tail marginal as indicated; do not extrapolate beyond the sample envelope without a formal codebook."
30100,Blood count,Blood count,Mean platelet (thrombocyte) volume,,,,6.2,7.3,9.2,12.4672,16.1,FALSE,,fL,schema Prompts,continuous_numeric,6.2,16.1,,0.0471,2,2,bounded approximately normal / empirical quantile,"Numeric values; sample envelope [6.2, 16.1]; central 98% [7.3, 12.4672]; use a bounded/long-tail marginal as indicated; do not extrapolate beyond the sample envelope without a formal codebook."
30260,Blood count,Blood count,Mean reticulocyte volume,,,,54.23,84.9535,105.84,124.1512,157.4,FALSE,,fL,schema Prompts,continuous_numeric,54.23,157.4,,0.0652,2,2,bounded approximately normal / empirical quantile,"Numeric values; sample envelope [54.23, 157.4]; central 98% [84.9535, 124.151]; use a bounded/long-tail marginal as indicated; do not extrapolate beyond the sample envelope without a formal codebook."
30270,Blood count,Blood count,Mean sphered cell volume,,,,49.93,71.1994,82.7,96.6,119.5,FALSE,,fL,schema Prompts,continuous_numeric,49.93,119.5,,0.0652,2,2,bounded approximately normal / empirical quantile,"Numeric values; sample envelope [49.93, 119.5]; central 98% [71.1994, 96.6]; use a bounded/long-tail marginal as indicated; do not extrapolate beyond the sample envelope without a formal codebook."
30130,Blood count,Blood count,Monocyte count,,,,0,0.171,0.45,1,16.51,FALSE,,10^9 cells/L,schema Prompts,continuous_numeric,0,16.51,,0.0489,2,2,bounded right-skewed empirical/log-normal/gamma,"Numeric values; sample envelope [0, 16.51]; central 98% [0.171, 1]; use a bounded/long-tail marginal as indicated; do not extrapolate beyond the sample envelope without a formal codebook."
30190,Blood count,Blood count,Monocyte percentage,,,,0.13,2.404,6.82,13.576,88.2,FALSE,,%,schema Prompts,continuous_numeric,0.13,88.2,,0.0489,2,2,bounded right-skewed empirical/log-normal/gamma,"Numeric values; sample envelope [0.13, 88.2]; central 98% [2.404, 13.576]; use a bounded/long-tail marginal as indicated; do not extrapolate beyond the sample envelope without a formal codebook."
30140,Blood count,Blood count,Neutrophill count,,,,0.08,1.74,4.01,8.7,14.9,FALSE,,10^9 cells/L,schema Prompts,continuous_numeric,0.08,14.9,,0.0489,2,2,bounded right-skewed empirical/log-normal/gamma,"Numeric values; sample envelope [0.08, 14.9]; central 98% [1.74, 8.7]; use a bounded/long-tail marginal as indicated; do not extrapolate beyond the sample envelope without a formal codebook."
30200,Blood count,Blood count,Neutrophill percentage,,,,1.23,39.48,61.2,79.79,96.7,FALSE,,%,schema Prompts,continuous_numeric,1.23,96.7,,0.0489,1,1,bounded approximately normal / empirical quantile,"Numeric values; sample envelope [1.23, 96.7]; central 98% [39.48, 79.79]; use a bounded/long-tail marginal as indicated; do not extrapolate beyond the sample envelope without a formal codebook."
30170,Blood count,Blood count,Nucleated red blood cell count,,,,0,0,0,0,0.8,FALSE,,10^9 cells/L,schema Prompts,continuous_numeric,0,0.8,,0.0489,0,0,zero-inflated positive empirical/log-normal mixture,"Numeric values; sample envelope [0, 0.8]; central 98% [0, 0]; use a bounded/long-tail marginal as indicated; do not extrapolate beyond the sample envelope without a formal codebook."
30230,Blood count,Blood count,Nucleated red blood cell percentage,,,,0,0,0,0,12.04,FALSE,,%,schema Prompts,continuous_numeric,0,12.04,,0.0489,0,0,zero-inflated positive empirical/log-normal mixture,"Numeric values; sample envelope [0, 12.04]; central 98% [0, 0]; use a bounded/long-tail marginal as indicated; do not extrapolate beyond the sample envelope without a formal codebook."
30080,Blood count,Blood count,Platelet count,,,,13,127.856,247.9,416,674,FALSE,,10^9 cells/L,schema Prompts,continuous_numeric,13,674,,0.0471,1,1,bounded approximately normal / empirical quantile,"Numeric values; sample envelope [13, 674]; central 98% [127.856, 416]; use a bounded/long-tail marginal as indicated; do not extrapolate beyond the sample envelope without a formal codebook."
30090,Blood count,Blood count,Platelet crit,,,,0.011,0.129,0.229,0.368,0.579,FALSE,,%,schema Prompts,continuous_numeric,0.011,0.579,,0.0471,3,3,bounded approximately normal / empirical quantile,"Numeric values; sample envelope [0.011, 0.579]; central 98% [0.129, 0.368]; use a bounded/long-tail marginal as indicated; do not extrapolate beyond the sample envelope without a formal codebook."
30110,Blood count,Blood count,Platelet distribution width,,,,15.09,15.52,16.42,18.1,19.8,FALSE,,%,schema Prompts,continuous_numeric,15.09,19.8,,0.0471,2,2,bounded empirical quantile / transformed distribution,"Numeric values; sample envelope [15.09, 19.8]; central 98% [15.52, 18.1]; use a bounded/long-tail marginal as indicated; do not extrapolate beyond the sample envelope without a formal codebook."
30010,Blood count,Blood count,Red blood cell (erythrocyte) count,,,,0.86,3.58056,4.504,5.52216,7.23,FALSE,,10^12 cells/L,schema Prompts,continuous_numeric,0.86,7.23,,0.0471,3,3,bounded approximately normal / empirical quantile,"Numeric values; sample envelope [0.86, 7.23]; central 98% [3.58056, 5.52216]; use a bounded/long-tail marginal as indicated; do not extrapolate beyond the sample envelope without a formal codebook."
30070,Blood count,Blood count,Red blood cell (erythrocyte) distribution width,,,,11.33,12,13.34,17,25.88,FALSE,,%,schema Prompts,continuous_numeric,11.33,25.88,,0.0471,2,2,bounded right-skewed empirical/log-normal/gamma,"Numeric values; sample envelope [11.33, 25.88]; central 98% [12, 17]; use a bounded/long-tail marginal as indicated; do not extrapolate beyond the sample envelope without a formal codebook."
30250,Blood count,Blood count,Reticulocyte count,,,,0.003,0.019,0.057,0.132,1.959,FALSE,,10^12 cells/L,schema Prompts,continuous_numeric,0.003,1.959,,0.0652,3,3,bounded right-skewed empirical/log-normal/gamma,"Numeric values; sample envelope [0.003, 1.959]; central 98% [0.019, 0.132]; use a bounded/long-tail marginal as indicated; do not extrapolate beyond the sample envelope without a formal codebook."
30240,Blood count,Blood count,Reticulocyte percentage,,,,0.054,0.45,1.258,2.81053,45.417,FALSE,,%,schema Prompts,continuous_numeric,0.054,45.417,,0.0652,3,3,bounded right-skewed empirical/log-normal/gamma,"Numeric values; sample envelope [0.054, 45.417]; central 98% [0.45, 2.81053]; use a bounded/long-tail marginal as indicated; do not extrapolate beyond the sample envelope without a formal codebook."
30000,Blood count,Blood count,White blood cell (leukocyte) count,,,,1.2,3.7,6.65,12.4,23.15,FALSE,,10^9 cells/L,schema Prompts,continuous_numeric,1.2,23.15,,0.0471,2,2,bounded right-skewed empirical/log-normal/gamma,"Numeric values; sample envelope [1.2, 23.15]; central 98% [3.7, 12.4]; use a bounded/long-tail marginal as indicated; do not extrapolate beyond the sample envelope without a formal codebook."
30620,Blood biochemistry,Blood biochemistry,Alanine aminotransferase,,,,3.77,8.0224,19.99,73.6442,384.73,FALSE,,U/L,schema Prompts,continuous_numeric,3.77,384.73,,0.0737,2,2,bounded right-skewed empirical/log-normal/gamma,"Numeric values; sample envelope [3.77, 384.73]; central 98% [8.0224, 73.6442]; use a bounded/long-tail marginal as indicated; do not extrapolate beyond the sample envelope without a formal codebook."
30600,Blood biochemistry,Blood biochemistry,Albumin,,,,25.83,39.2232,45.235,51.5517,57.75,FALSE,,g/L,schema Prompts,continuous_numeric,25.83,57.75,,0.1516,2,2,bounded approximately normal / empirical quantile,"Numeric values; sample envelope [25.83, 57.75]; central 98% [39.2232, 51.5517]; use a bounded/long-tail marginal as indicated; do not extrapolate beyond the sample envelope without a formal codebook."
30610,Blood biochemistry,Blood biochemistry,Alkaline phosphatase,,,,19.3,41.6,80.3,156.16,384.3,FALSE,,U/L,schema Prompts,continuous_numeric,19.3,384.3,,0.0731,1,1,bounded right-skewed empirical/log-normal/gamma,"Numeric values; sample envelope [19.3, 384.3]; central 98% [41.6, 156.16]; use a bounded/long-tail marginal as indicated; do not extrapolate beyond the sample envelope without a formal codebook."
30630,Blood biochemistry,Blood biochemistry,Apolipoprotein A,,,,0.771,1.03034,1.512,2.305,2.498,FALSE,,g/L,schema Prompts,continuous_numeric,0.771,2.498,,0.1565,3,3,bounded approximately normal / empirical quantile,"Numeric values; sample envelope [0.771, 2.498]; central 98% [1.03034, 2.305]; use a bounded/long-tail marginal as indicated; do not extrapolate beyond the sample envelope without a formal codebook."
30640,Blood biochemistry,Blood biochemistry,Apolipoprotein B,,,,0.412,0.55016,1.019,1.656,1.966,FALSE,,g/L,schema Prompts,continuous_numeric,0.412,1.966,,0.0783,3,3,bounded approximately normal / empirical quantile,"Numeric values; sample envelope [0.412, 1.966]; central 98% [0.55016, 1.656]; use a bounded/long-tail marginal as indicated; do not extrapolate beyond the sample envelope without a formal codebook."
30650,Blood biochemistry,Blood biochemistry,Aspartate aminotransferase,,,,8.2,15,24.3,58.069,459.9,FALSE,,U/L,schema Prompts,continuous_numeric,8.2,459.9,,0.0768,1,1,bounded right-skewed empirical/log-normal/gamma,"Numeric values; sample envelope [8.2, 459.9]; central 98% [15, 58.069]; use a bounded/long-tail marginal as indicated; do not extrapolate beyond the sample envelope without a formal codebook."
30710,Blood biochemistry,Blood biochemistry,C-reactive protein,,,,0.08,0.16,1.33,21.7636,71.1,FALSE,,mg/L,schema Prompts,continuous_numeric,0.08,71.1,,0.0747,2,2,bounded right-skewed empirical/log-normal/gamma,"Numeric values; sample envelope [0.08, 71.1]; central 98% [0.16, 21.7636]; use a bounded/long-tail marginal as indicated; do not extrapolate beyond the sample envelope without a formal codebook."
30680,Blood biochemistry,Blood biochemistry,Calcium,,,,1.87,2.178,2.376,2.64369,3.452,FALSE,,mmol/L,schema Prompts,continuous_numeric,1.87,3.452,,0.1522,3,3,bounded approximately normal / empirical quantile,"Numeric values; sample envelope [1.87, 3.452]; central 98% [2.178, 2.64369]; use a bounded/long-tail marginal as indicated; do not extrapolate beyond the sample envelope without a formal codebook."
30690,Blood biochemistry,Blood biochemistry,Cholesterol,,,,2.324,3.2715,5.677,8.5487,10.427,FALSE,,mmol/L,schema Prompts,continuous_numeric,2.324,10.427,,0.0729,3,3,bounded approximately normal / empirical quantile,"Numeric values; sample envelope [2.324, 10.427]; central 98% [3.2715, 8.5487]; use a bounded/long-tail marginal as indicated; do not extrapolate beyond the sample envelope without a formal codebook."
30700,Blood biochemistry,Blood biochemistry,Creatinine,,,,10.8,45,70.6,117.2,819,FALSE,,umol/L,schema Prompts,continuous_numeric,10.8,819,,0.0737,1,1,bounded right-skewed empirical/log-normal/gamma,"Numeric values; sample envelope [10.8, 819]; central 98% [45, 117.2]; use a bounded/long-tail marginal as indicated; do not extrapolate beyond the sample envelope without a formal codebook."
30720,Blood biochemistry,Blood biochemistry,Cystatin C,,,,0.295,0.639,0.883,1.39411,5.581,FALSE,,mg/L,schema Prompts,continuous_numeric,0.295,5.581,,0.0736,3,3,bounded right-skewed empirical/log-normal/gamma,"Numeric values; sample envelope [0.295, 5.581]; central 98% [0.639, 1.39411]; use a bounded/long-tail marginal as indicated; do not extrapolate beyond the sample envelope without a formal codebook."
30660,Blood biochemistry,Blood biochemistry,Direct bilirubin,,,,1,1.01,1.61,4.9449,20.42,FALSE,,umol/L,schema Prompts,continuous_numeric,1,20.42,,0.2148,2,2,bounded right-skewed empirical/log-normal/gamma,"Numeric values; sample envelope [1, 20.42]; central 98% [1.01, 4.9449]; use a bounded/long-tail marginal as indicated; do not extrapolate beyond the sample envelope without a formal codebook."
30730,Blood biochemistry,Blood biochemistry,Gamma glutamyltransferase,,,,5.8,10.2,26.4,194.612,1092.9,FALSE,,U/L,schema Prompts,continuous_numeric,5.8,1092.9,,0.0733,1,1,bounded right-skewed empirical/log-normal/gamma,"Numeric values; sample envelope [5.8, 1092.9]; central 98% [10.2, 194.612]; use a bounded/long-tail marginal as indicated; do not extrapolate beyond the sample envelope without a formal codebook."
30740,Blood biochemistry,Blood biochemistry,Glucose,,,,1.585,3.57544,4.929,10.39436,32.746,FALSE,,mmol/L,schema Prompts,continuous_numeric,1.585,32.746,,0.1527,3,3,bounded right-skewed empirical/log-normal/gamma,"Numeric values; sample envelope [1.585, 32.746]; central 98% [3.57544, 10.3944]; use a bounded/long-tail marginal as indicated; do not extrapolate beyond the sample envelope without a formal codebook."
30750,Blood biochemistry,Blood biochemistry,Glycated haemoglobin (HbA1c),,,,15.6,25.9,35.3,63.65,126.6,FALSE,,mmol/mol,schema Prompts,continuous_numeric,15.6,126.6,,0.0749,1,1,bounded right-skewed empirical/log-normal/gamma,"Numeric values; sample envelope [15.6, 126.6]; central 98% [25.9, 63.65]; use a bounded/long-tail marginal as indicated; do not extrapolate beyond the sample envelope without a formal codebook."
30760,Blood biochemistry,Blood biochemistry,HDL cholesterol,,,,0.569,0.776,1.403,2.5554,4.107,FALSE,,mmol/L,schema Prompts,continuous_numeric,0.569,4.107,,0.1519,3,3,bounded empirical quantile / transformed distribution,"Numeric values; sample envelope [0.569, 4.107]; central 98% [0.776, 2.5554]; use a bounded/long-tail marginal as indicated; do not extrapolate beyond the sample envelope without a formal codebook."
30770,Blood biochemistry,Blood biochemistry,IGF-1,,,,3.559,9.809,21.287,35.91732,68.832,FALSE,,nmol/L,schema Prompts,continuous_numeric,3.559,68.832,,0.0783,3,3,bounded approximately normal / empirical quantile,"Numeric values; sample envelope [3.559, 68.832]; central 98% [9.809, 35.9173]; use a bounded/long-tail marginal as indicated; do not extrapolate beyond the sample envelope without a formal codebook."
30780,Blood biochemistry,Blood biochemistry,LDL direct,,,,1.128,1.793,3.5425,5.74451,7.418,FALSE,,mmol/L,schema Prompts,continuous_numeric,1.128,7.418,,0.075,3,3,bounded approximately normal / empirical quantile,"Numeric values; sample envelope [1.128, 7.418]; central 98% [1.793, 5.74451]; use a bounded/long-tail marginal as indicated; do not extrapolate beyond the sample envelope without a formal codebook."
30790,Blood biochemistry,Blood biochemistry,Lipoprotein A,,,,3.8,4,21.2,183.3,189,FALSE,,nmol/L,schema Prompts,continuous_numeric,3.8,189,,0.264,2,2,bounded right-skewed empirical/log-normal/gamma,"Numeric values; sample envelope [3.8, 189]; central 98% [4, 183.3]; use a bounded/long-tail marginal as indicated; do not extrapolate beyond the sample envelope without a formal codebook."
30800,Blood biochemistry,Blood biochemistry,Oestradiol,,,,175,176.536,311.9,2086.54,12647.8,FALSE,,pmol/L,schema Prompts,continuous_numeric,175,12647.8,,0.8463,1,1,bounded right-skewed empirical/log-normal/gamma,"Numeric values; sample envelope [175, 12647.8]; central 98% [176.536, 2086.54]; use a bounded/long-tail marginal as indicated; do not extrapolate beyond the sample envelope without a formal codebook."
30810,Blood biochemistry,Blood biochemistry,Phosphate,,,,0.425,0.765,1.161,1.53428,1.844,FALSE,,mmol/L,schema Prompts,continuous_numeric,0.425,1.844,,0.1527,3,3,bounded approximately normal / empirical quantile,"Numeric values; sample envelope [0.425, 1.844]; central 98% [0.765, 1.53428]; use a bounded/long-tail marginal as indicated; do not extrapolate beyond the sample envelope without a formal codebook."
30820,Blood biochemistry,Blood biochemistry,Rheumatoid factor,,,,10,10.1,17.25,104.591,118.6,FALSE,,IU/mL,schema Prompts,continuous_numeric,10,118.6,,0.919,1,1,bounded right-skewed empirical/log-normal/gamma,"Numeric values; sample envelope [10, 118.6]; central 98% [10.1, 104.591]; use a bounded/long-tail marginal as indicated; do not extrapolate beyond the sample envelope without a formal codebook."
30830,Blood biochemistry,Blood biochemistry,SHBG,,,,0.47,13.0976,45.31,156.279,236.68,FALSE,,nmol/L,schema Prompts,continuous_numeric,0.47,236.68,,0.1605,2,2,bounded right-skewed empirical/log-normal/gamma,"Numeric values; sample envelope [0.47, 236.68]; central 98% [13.0976, 156.279]; use a bounded/long-tail marginal as indicated; do not extrapolate beyond the sample envelope without a formal codebook."
30850,Blood biochemistry,Blood biochemistry,Testosterone,,,,0.35,0.394,3.4655,20.83459,45.795,FALSE,,nmol/L,schema Prompts,continuous_numeric,0.35,45.795,,0.1636,3,3,bounded approximately normal / empirical quantile,"Numeric values; sample envelope [0.35, 45.795]; central 98% [0.394, 20.8346]; use a bounded/long-tail marginal as indicated; do not extrapolate beyond the sample envelope without a formal codebook."
30840,Blood biochemistry,Blood biochemistry,Total bilirubin,,,,2.16,3.8829,8.08,27.2742,68.14,FALSE,,umol/L,schema Prompts,continuous_numeric,2.16,68.14,,0.077,2,2,bounded right-skewed empirical/log-normal/gamma,"Numeric values; sample envelope [2.16, 68.14]; central 98% [3.8829, 27.2742]; use a bounded/long-tail marginal as indicated; do not extrapolate beyond the sample envelope without a formal codebook."
30860,Blood biochemistry,Blood biochemistry,Total protein,,,,51.06,63.7807,72.33,83.2162,98.53,FALSE,,g/L,schema Prompts,continuous_numeric,51.06,98.53,,0.153,2,2,bounded approximately normal / empirical quantile,"Numeric values; sample envelope [51.06, 98.53]; central 98% [63.7807, 83.2162]; use a bounded/long-tail marginal as indicated; do not extrapolate beyond the sample envelope without a formal codebook."
30870,Blood biochemistry,Blood biochemistry,Triglycerides,,,,0.356,0.534,1.492,5.57724,10.969,FALSE,,mmol/L,schema Prompts,continuous_numeric,0.356,10.969,,0.0735,3,3,bounded right-skewed empirical/log-normal/gamma,"Numeric values; sample envelope [0.356, 10.969]; central 98% [0.534, 5.57724]; use a bounded/long-tail marginal as indicated; do not extrapolate beyond the sample envelope without a formal codebook."
30880,Blood biochemistry,Blood biochemistry,Urate,,,,101.3,157.88,304.6,524.28,765.5,FALSE,,umol/L,schema Prompts,continuous_numeric,101.3,765.5,,0.0739,1,1,bounded approximately normal / empirical quantile,"Numeric values; sample envelope [101.3, 765.5]; central 98% [157.88, 524.28]; use a bounded/long-tail marginal as indicated; do not extrapolate beyond the sample envelope without a formal codebook."
30670,Blood biochemistry,Blood biochemistry,Urea,,,,1.48,2.82,5.27,9.3037,26.19,FALSE,,mmol/L,schema Prompts,continuous_numeric,1.48,26.19,,0.0736,2,2,bounded right-skewed empirical/log-normal/gamma,"Numeric values; sample envelope [1.48, 26.19]; central 98% [2.82, 9.3037]; use a bounded/long-tail marginal as indicated; do not extrapolate beyond the sample envelope without a formal codebook."
30890,Blood biochemistry,Blood biochemistry,Vitamin D,,,,10,12.8,46.6,103,169,FALSE,,nmol/L,schema Prompts,continuous_numeric,10,169,,0.116,1,1,bounded approximately normal / empirical quantile,"Numeric values; sample envelope [10, 169]; central 98% [12.8, 103]; use a bounded/long-tail marginal as indicated; do not extrapolate beyond the sample envelope without a formal codebook."
