space,column_index,label_id,feature_name,factor_family,homolog_group,baseline_median_assumed,background_log_sd_assumed,source_evidence_ids,reference_volume_d,transfer_factor_assumed,central_standardized_effect,epistemic_sd_metadata_only,effect_provenance,rationale,all_coverage_source_ids
FIRST,0,10,Left_Thalamus,thalamus,Thalamus,7000,0.12,S01_Thalamus,-0.31,1.0,-0.31,0.0663265306122449,published_volume_d_with_transfer_assumptions,Published bilateral FreeSurfer volume d used as an approximate standardized FIRST volume prior; segmentation and laterality transfer remain assumptions.,S01;S06
FIRST,1,49,Right_Thalamus,thalamus,Thalamus,7000,0.12,S01_Thalamus,-0.31,1.0,-0.31,0.0663265306122449,published_volume_d_with_transfer_assumptions,Published bilateral FreeSurfer volume d used as an approximate standardized FIRST volume prior; segmentation and laterality transfer remain assumptions.,S01;S06
FIRST,2,11,Left_Caudate,basal_ganglia,Caudate,3500,0.12,S01_Caudate,0.02,1.0,0.02,0.07142857142857144,published_volume_d_with_transfer_assumptions,Published bilateral FreeSurfer volume d used as an approximate standardized FIRST volume prior; segmentation and laterality transfer remain assumptions.,S01;S06;S17
FIRST,3,50,Right_Caudate,basal_ganglia,Caudate,3500,0.12,S01_Caudate,0.02,1.0,0.02,0.07142857142857144,published_volume_d_with_transfer_assumptions,Published bilateral FreeSurfer volume d used as an approximate standardized FIRST volume prior; segmentation and laterality transfer remain assumptions.,S01;S06;S17
FIRST,4,12,Left_Putamen,basal_ganglia,Putamen,4500,0.12,S01_Putamen,0.08,1.0,0.08,0.08673469387755102,published_volume_d_with_transfer_assumptions,Published bilateral FreeSurfer volume d used as an approximate standardized FIRST volume prior; segmentation and laterality transfer remain assumptions.,S01;S12;S17
FIRST,5,51,Right_Putamen,basal_ganglia,Putamen,4500,0.12,S01_Putamen,0.08,1.0,0.08,0.08673469387755102,published_volume_d_with_transfer_assumptions,Published bilateral FreeSurfer volume d used as an approximate standardized FIRST volume prior; segmentation and laterality transfer remain assumptions.,S01;S12;S17
FIRST,6,13,Left_Pallidum,basal_ganglia,Pallidum,1800,0.12,S01_Pallidum,0.21,1.0,0.21,0.0892857142857143,published_volume_d_with_transfer_assumptions,Published bilateral FreeSurfer volume d used as an approximate standardized FIRST volume prior; segmentation and laterality transfer remain assumptions.,S01;S17
FIRST,7,52,Right_Pallidum,basal_ganglia,Pallidum,1800,0.12,S01_Pallidum,0.21,1.0,0.21,0.0892857142857143,published_volume_d_with_transfer_assumptions,Published bilateral FreeSurfer volume d used as an approximate standardized FIRST volume prior; segmentation and laterality transfer remain assumptions.,S01;S17;S18
FIRST,8,16,BrainStem,brainstem,BrainStem,22000,0.12,S07_BrainStem,,,-0.1,0.2,explicit_assumption,Weak assumed standardized effect informed by naive-FEP brainstem direction; F statistic is not converted into d.,S07
FIRST,9,17,Left_Hippocampus,limbic,Hippocampus,3800,0.12,S01_Hippocampus,-0.46,1.0,-0.46,0.06122448979591835,published_volume_d_with_transfer_assumptions,Published bilateral FreeSurfer volume d used as an approximate standardized FIRST volume prior; segmentation and laterality transfer remain assumptions.,S01;S06
FIRST,10,53,Right_Hippocampus,limbic,Hippocampus,3800,0.12,S01_Hippocampus,-0.46,1.0,-0.46,0.06122448979591835,published_volume_d_with_transfer_assumptions,Published bilateral FreeSurfer volume d used as an approximate standardized FIRST volume prior; segmentation and laterality transfer remain assumptions.,S01;S06
FIRST,11,18,Left_Amygdala,limbic,Amygdala,1400,0.12,S01_Amygdala,-0.31,1.0,-0.31,0.061224489795918366,published_volume_d_with_transfer_assumptions,Published bilateral FreeSurfer volume d used as an approximate standardized FIRST volume prior; segmentation and laterality transfer remain assumptions.,S01
FIRST,12,54,Right_Amygdala,limbic,Amygdala,1400,0.12,S01_Amygdala,-0.31,1.0,-0.31,0.061224489795918366,published_volume_d_with_transfer_assumptions,Published bilateral FreeSurfer volume d used as an approximate standardized FIRST volume prior; segmentation and laterality transfer remain assumptions.,S01
FIRST,13,26,Left_Accumbens,basal_ganglia,Accumbens,550,0.12,S01_Accumbens,-0.25,1.0,-0.25,0.05612244897959183,published_volume_d_with_transfer_assumptions,Published bilateral FreeSurfer volume d used as an approximate standardized FIRST volume prior; segmentation and laterality transfer remain assumptions.,S01
FIRST,14,58,Right_Accumbens,basal_ganglia,Accumbens,550,0.12,S01_Accumbens,-0.25,1.0,-0.25,0.05612244897959183,published_volume_d_with_transfer_assumptions,Published bilateral FreeSurfer volume d used as an approximate standardized FIRST volume prior; segmentation and laterality transfer remain assumptions.,S01
AAL3,0,1,Precentral_L,frontal,Precentral,0.5,0.18,S06_Frontal_GM,-0.49,0.35,-0.17149999999999999,0.15,published_volume_d_with_transfer_assumptions,Published regional GM/volume d transferred through an assumed factor 0.35 to mean modulated GM intensity; lobar effects receive greater shrinkage. No cortical-thickness d is used.,S02;S03;S06
AAL3,1,2,Precentral_R,frontal,Precentral,0.5,0.18,S06_Frontal_GM,-0.49,0.35,-0.17149999999999999,0.15,published_volume_d_with_transfer_assumptions,Published regional GM/volume d transferred through an assumed factor 0.35 to mean modulated GM intensity; lobar effects receive greater shrinkage. No cortical-thickness d is used.,S02;S03;S06
AAL3,2,3,Frontal_Sup_2_L,frontal,Frontal_Sup_2,0.5,0.18,S06_Superior_Frontal,-0.29,0.6,-0.174,0.15,published_volume_d_with_transfer_assumptions,Published regional GM/volume d transferred through an assumed factor 0.6 to mean modulated GM intensity; lobar effects receive greater shrinkage. No cortical-thickness d is used.,S02;S06
AAL3,3,4,Frontal_Sup_2_R,frontal,Frontal_Sup_2,0.5,0.18,S06_Superior_Frontal,-0.29,0.6,-0.174,0.15,published_volume_d_with_transfer_assumptions,Published regional GM/volume d transferred through an assumed factor 0.6 to mean modulated GM intensity; lobar effects receive greater shrinkage. No cortical-thickness d is used.,S02;S06
AAL3,4,5,Frontal_Mid_2_L,frontal,Frontal_Mid_2,0.5,0.18,S06_Middle_Frontal,-0.32,0.6,-0.192,0.15,published_volume_d_with_transfer_assumptions,Published regional GM/volume d transferred through an assumed factor 0.6 to mean modulated GM intensity; lobar effects receive greater shrinkage. No cortical-thickness d is used.,S02;S06
AAL3,5,6,Frontal_Mid_2_R,frontal,Frontal_Mid_2,0.5,0.18,S06_Middle_Frontal,-0.32,0.6,-0.192,0.15,published_volume_d_with_transfer_assumptions,Published regional GM/volume d transferred through an assumed factor 0.6 to mean modulated GM intensity; lobar effects receive greater shrinkage. No cortical-thickness d is used.,S02;S06
AAL3,6,7,Frontal_Inf_Oper_L,frontal,Frontal_Inf_Oper,0.5,0.18,S06_Inferior_Frontal,-0.41,0.6,-0.24599999999999997,0.15,published_volume_d_with_transfer_assumptions,Published regional GM/volume d transferred through an assumed factor 0.6 to mean modulated GM intensity; lobar effects receive greater shrinkage. No cortical-thickness d is used.,S02;S03;S06
AAL3,7,8,Frontal_Inf_Oper_R,frontal,Frontal_Inf_Oper,0.5,0.18,S06_Inferior_Frontal,-0.41,0.6,-0.24599999999999997,0.15,published_volume_d_with_transfer_assumptions,Published regional GM/volume d transferred through an assumed factor 0.6 to mean modulated GM intensity; lobar effects receive greater shrinkage. No cortical-thickness d is used.,S02;S03;S06
AAL3,8,9,Frontal_Inf_Tri_L,frontal,Frontal_Inf_Tri,0.5,0.18,S06_Inferior_Frontal,-0.41,0.6,-0.24599999999999997,0.15,published_volume_d_with_transfer_assumptions,Published regional GM/volume d transferred through an assumed factor 0.6 to mean modulated GM intensity; lobar effects receive greater shrinkage. No cortical-thickness d is used.,S02;S03;S06
AAL3,9,10,Frontal_Inf_Tri_R,frontal,Frontal_Inf_Tri,0.5,0.18,S06_Inferior_Frontal,-0.41,0.6,-0.24599999999999997,0.15,published_volume_d_with_transfer_assumptions,Published regional GM/volume d transferred through an assumed factor 0.6 to mean modulated GM intensity; lobar effects receive greater shrinkage. No cortical-thickness d is used.,S02;S03;S06
AAL3,10,11,Frontal_Inf_Orb_2_L,frontal,Frontal_Inf_Orb_2,0.5,0.18,S06_Inferior_Frontal,-0.41,0.6,-0.24599999999999997,0.15,published_volume_d_with_transfer_assumptions,Published regional GM/volume d transferred through an assumed factor 0.6 to mean modulated GM intensity; lobar effects receive greater shrinkage. No cortical-thickness d is used.,S02;S03;S06
AAL3,11,12,Frontal_Inf_Orb_2_R,frontal,Frontal_Inf_Orb_2,0.5,0.18,S06_Inferior_Frontal,-0.41,0.6,-0.24599999999999997,0.15,published_volume_d_with_transfer_assumptions,Published regional GM/volume d transferred through an assumed factor 0.6 to mean modulated GM intensity; lobar effects receive greater shrinkage. No cortical-thickness d is used.,S02;S03;S06
AAL3,12,13,Rolandic_Oper_L,frontal,Rolandic_Oper,0.5,0.18,S06_Frontal_GM,-0.49,0.35,-0.17149999999999999,0.15,published_volume_d_with_transfer_assumptions,Published regional GM/volume d transferred through an assumed factor 0.35 to mean modulated GM intensity; lobar effects receive greater shrinkage. No cortical-thickness d is used.,S06
AAL3,13,14,Rolandic_Oper_R,frontal,Rolandic_Oper,0.5,0.18,S06_Frontal_GM,-0.49,0.35,-0.17149999999999999,0.15,published_volume_d_with_transfer_assumptions,Published regional GM/volume d transferred through an assumed factor 0.35 to mean modulated GM intensity; lobar effects receive greater shrinkage. No cortical-thickness d is used.,S06
AAL3,14,15,Supp_Motor_Area_L,frontal,Supp_Motor_Area,0.5,0.18,S06_Frontal_GM,-0.49,0.35,-0.17149999999999999,0.15,published_volume_d_with_transfer_assumptions,Published regional GM/volume d transferred through an assumed factor 0.35 to mean modulated GM intensity; lobar effects receive greater shrinkage. No cortical-thickness d is used.,S02;S06
AAL3,15,16,Supp_Motor_Area_R,frontal,Supp_Motor_Area,0.5,0.18,S06_Frontal_GM,-0.49,0.35,-0.17149999999999999,0.15,published_volume_d_with_transfer_assumptions,Published regional GM/volume d transferred through an assumed factor 0.35 to mean modulated GM intensity; lobar effects receive greater shrinkage. No cortical-thickness d is used.,S02;S06
AAL3,16,17,Olfactory_L,limbic,Olfactory,0.5,0.18,S20_olfactory,,,-0.12,0.15,explicit_assumption,Assumed small standardized GM-intensity effect from a regional modulated-VBM reduction; peak T is not converted into d.,S20
AAL3,17,18,Olfactory_R,limbic,Olfactory,0.5,0.18,S20_olfactory,,,-0.12,0.15,explicit_assumption,Assumed small standardized GM-intensity effect from a regional modulated-VBM reduction; peak T is not converted into d.,S20;S21
AAL3,18,19,Frontal_Sup_Medial_L,frontal,Frontal_Sup_Medial,0.5,0.18,S06_Superior_Frontal,-0.29,0.6,-0.174,0.15,published_volume_d_with_transfer_assumptions,Published regional GM/volume d transferred through an assumed factor 0.6 to mean modulated GM intensity; lobar effects receive greater shrinkage. No cortical-thickness d is used.,S02;S03;S06
AAL3,19,20,Frontal_Sup_Medial_R,frontal,Frontal_Sup_Medial,0.5,0.18,S06_Superior_Frontal,-0.29,0.6,-0.174,0.15,published_volume_d_with_transfer_assumptions,Published regional GM/volume d transferred through an assumed factor 0.6 to mean modulated GM intensity; lobar effects receive greater shrinkage. No cortical-thickness d is used.,S02;S06
AAL3,20,21,Frontal_Med_Orb_L,frontal,Frontal_Med_Orb,0.5,0.18,S06_Orbitofrontal,-0.21,0.6,-0.126,0.15,published_volume_d_with_transfer_assumptions,Published regional GM/volume d transferred through an assumed factor 0.6 to mean modulated GM intensity; lobar effects receive greater shrinkage. No cortical-thickness d is used.,S02;S06
AAL3,21,22,Frontal_Med_Orb_R,frontal,Frontal_Med_Orb,0.5,0.18,S06_Orbitofrontal,-0.21,0.6,-0.126,0.15,published_volume_d_with_transfer_assumptions,Published regional GM/volume d transferred through an assumed factor 0.6 to mean modulated GM intensity; lobar effects receive greater shrinkage. No cortical-thickness d is used.,S02;S03;S06
AAL3,22,23,Rectus_L,frontal,Rectus,0.5,0.18,S06_Orbitofrontal,-0.21,0.6,-0.126,0.15,published_volume_d_with_transfer_assumptions,Published regional GM/volume d transferred through an assumed factor 0.6 to mean modulated GM intensity; lobar effects receive greater shrinkage. No cortical-thickness d is used.,S02;S06
AAL3,23,24,Rectus_R,frontal,Rectus,0.5,0.18,S06_Orbitofrontal,-0.21,0.6,-0.126,0.15,published_volume_d_with_transfer_assumptions,Published regional GM/volume d transferred through an assumed factor 0.6 to mean modulated GM intensity; lobar effects receive greater shrinkage. No cortical-thickness d is used.,S02;S03;S06
AAL3,24,25,OFCmed_L,frontal,OFCmed,0.5,0.18,S06_Orbitofrontal,-0.21,0.6,-0.126,0.15,published_volume_d_with_transfer_assumptions,Published regional GM/volume d transferred through an assumed factor 0.6 to mean modulated GM intensity; lobar effects receive greater shrinkage. No cortical-thickness d is used.,S02;S06
AAL3,25,26,OFCmed_R,frontal,OFCmed,0.5,0.18,S06_Orbitofrontal,-0.21,0.6,-0.126,0.15,published_volume_d_with_transfer_assumptions,Published regional GM/volume d transferred through an assumed factor 0.6 to mean modulated GM intensity; lobar effects receive greater shrinkage. No cortical-thickness d is used.,S02;S06;S21
AAL3,26,27,OFCant_L,frontal,OFCant,0.5,0.18,S06_Orbitofrontal,-0.21,0.6,-0.126,0.15,published_volume_d_with_transfer_assumptions,Published regional GM/volume d transferred through an assumed factor 0.6 to mean modulated GM intensity; lobar effects receive greater shrinkage. No cortical-thickness d is used.,S02;S06
AAL3,27,28,OFCant_R,frontal,OFCant,0.5,0.18,S06_Orbitofrontal,-0.21,0.6,-0.126,0.15,published_volume_d_with_transfer_assumptions,Published regional GM/volume d transferred through an assumed factor 0.6 to mean modulated GM intensity; lobar effects receive greater shrinkage. No cortical-thickness d is used.,S02;S06;S21
AAL3,28,29,OFCpost_L,frontal,OFCpost,0.5,0.18,S06_Orbitofrontal,-0.21,0.6,-0.126,0.15,published_volume_d_with_transfer_assumptions,Published regional GM/volume d transferred through an assumed factor 0.6 to mean modulated GM intensity; lobar effects receive greater shrinkage. No cortical-thickness d is used.,S02;S06
AAL3,29,30,OFCpost_R,frontal,OFCpost,0.5,0.18,S06_Orbitofrontal,-0.21,0.6,-0.126,0.15,published_volume_d_with_transfer_assumptions,Published regional GM/volume d transferred through an assumed factor 0.6 to mean modulated GM intensity; lobar effects receive greater shrinkage. No cortical-thickness d is used.,S02;S06;S21
AAL3,30,31,OFClat_L,frontal,OFClat,0.5,0.18,S06_Orbitofrontal,-0.21,0.6,-0.126,0.15,published_volume_d_with_transfer_assumptions,Published regional GM/volume d transferred through an assumed factor 0.6 to mean modulated GM intensity; lobar effects receive greater shrinkage. No cortical-thickness d is used.,S02;S06
AAL3,31,32,OFClat_R,frontal,OFClat,0.5,0.18,S06_Orbitofrontal,-0.21,0.6,-0.126,0.15,published_volume_d_with_transfer_assumptions,Published regional GM/volume d transferred through an assumed factor 0.6 to mean modulated GM intensity; lobar effects receive greater shrinkage. No cortical-thickness d is used.,S02;S06;S21
AAL3,32,33,Insula_L,limbic,Insula,0.5,0.18,S06_Insula,-0.44,0.6,-0.264,0.15,published_volume_d_with_transfer_assumptions,Published regional GM/volume d transferred through an assumed factor 0.6 to mean modulated GM intensity; lobar effects receive greater shrinkage. No cortical-thickness d is used.,S02;S03;S06
AAL3,33,34,Insula_R,limbic,Insula,0.5,0.18,S06_Insula,-0.44,0.6,-0.264,0.15,published_volume_d_with_transfer_assumptions,Published regional GM/volume d transferred through an assumed factor 0.6 to mean modulated GM intensity; lobar effects receive greater shrinkage. No cortical-thickness d is used.,S02;S03;S06
AAL3,34,37,Cingulate_Mid_L,limbic,Cingulate_Mid,0.5,0.18,S03_ACC,,,-0.15,0.15,explicit_assumption,Assumed small standardized effect from VBM cluster territory; SDM-Z is not an effect-size coefficient.,S02;S03
AAL3,35,38,Cingulate_Mid_R,limbic,Cingulate_Mid,0.5,0.18,S03_ACC,,,-0.15,0.15,explicit_assumption,Assumed small standardized effect from VBM cluster territory; SDM-Z is not an effect-size coefficient.,S02;S03
AAL3,36,39,Cingulate_Post_L,limbic,Cingulate_Post,0.5,0.18,S06_Posterior_Cingulate,-0.32,0.6,-0.192,0.15,published_volume_d_with_transfer_assumptions,Published regional GM/volume d transferred through an assumed factor 0.6 to mean modulated GM intensity; lobar effects receive greater shrinkage. No cortical-thickness d is used.,S02;S06
AAL3,37,40,Cingulate_Post_R,limbic,Cingulate_Post,0.5,0.18,S06_Posterior_Cingulate,-0.32,0.6,-0.192,0.15,published_volume_d_with_transfer_assumptions,Published regional GM/volume d transferred through an assumed factor 0.6 to mean modulated GM intensity; lobar effects receive greater shrinkage. No cortical-thickness d is used.,S02;S06
AAL3,38,41,Hippocampus_L,limbic,Hippocampus,0.5,0.18,S06_Hippocampus,-0.52,0.6,-0.312,0.15,published_volume_d_with_transfer_assumptions,Published regional GM/volume d transferred through an assumed factor 0.6 to mean modulated GM intensity; lobar effects receive greater shrinkage. No cortical-thickness d is used.,S01;S06
AAL3,39,42,Hippocampus_R,limbic,Hippocampus,0.5,0.18,S06_Hippocampus,-0.52,0.6,-0.312,0.15,published_volume_d_with_transfer_assumptions,Published regional GM/volume d transferred through an assumed factor 0.6 to mean modulated GM intensity; lobar effects receive greater shrinkage. No cortical-thickness d is used.,S01;S06
AAL3,40,43,ParaHippocampal_L,limbic,ParaHippocampal,0.5,0.18,S06_Parahippocampal,-0.24,0.6,-0.144,0.15,published_volume_d_with_transfer_assumptions,Published regional GM/volume d transferred through an assumed factor 0.6 to mean modulated GM intensity; lobar effects receive greater shrinkage. No cortical-thickness d is used.,S02;S03;S06
AAL3,41,44,ParaHippocampal_R,limbic,ParaHippocampal,0.5,0.18,S06_Parahippocampal,-0.24,0.6,-0.144,0.15,published_volume_d_with_transfer_assumptions,Published regional GM/volume d transferred through an assumed factor 0.6 to mean modulated GM intensity; lobar effects receive greater shrinkage. No cortical-thickness d is used.,S02;S03;S06
AAL3,42,45,Amygdala_L,limbic,Amygdala,0.5,0.18,S06_Amygdala,-0.31,0.6,-0.186,0.15,published_volume_d_with_transfer_assumptions,Published regional GM/volume d transferred through an assumed factor 0.6 to mean modulated GM intensity; lobar effects receive greater shrinkage. No cortical-thickness d is used.,S01;S03;S06
AAL3,43,46,Amygdala_R,limbic,Amygdala,0.5,0.18,S06_Amygdala,-0.31,0.6,-0.186,0.15,published_volume_d_with_transfer_assumptions,Published regional GM/volume d transferred through an assumed factor 0.6 to mean modulated GM intensity; lobar effects receive greater shrinkage. No cortical-thickness d is used.,S01;S03;S06
AAL3,44,47,Calcarine_L,occipital,Calcarine,0.5,0.18,S06_Occipital_GM,-0.22,0.35,-0.077,0.15,published_volume_d_with_transfer_assumptions,Published regional GM/volume d transferred through an assumed factor 0.35 to mean modulated GM intensity; lobar effects receive greater shrinkage. No cortical-thickness d is used.,S02;S06
AAL3,45,48,Calcarine_R,occipital,Calcarine,0.5,0.18,S06_Occipital_GM,-0.22,0.35,-0.077,0.15,published_volume_d_with_transfer_assumptions,Published regional GM/volume d transferred through an assumed factor 0.35 to mean modulated GM intensity; lobar effects receive greater shrinkage. No cortical-thickness d is used.,S02;S06
AAL3,46,49,Cuneus_L,occipital,Cuneus,0.5,0.18,S06_Occipital_GM,-0.22,0.35,-0.077,0.15,published_volume_d_with_transfer_assumptions,Published regional GM/volume d transferred through an assumed factor 0.35 to mean modulated GM intensity; lobar effects receive greater shrinkage. No cortical-thickness d is used.,S02;S06
AAL3,47,50,Cuneus_R,occipital,Cuneus,0.5,0.18,S06_Occipital_GM,-0.22,0.35,-0.077,0.15,published_volume_d_with_transfer_assumptions,Published regional GM/volume d transferred through an assumed factor 0.35 to mean modulated GM intensity; lobar effects receive greater shrinkage. No cortical-thickness d is used.,S02;S06
AAL3,48,51,Lingual_L,occipital,Lingual,0.5,0.18,S06_Occipital_GM,-0.22,0.35,-0.077,0.15,published_volume_d_with_transfer_assumptions,Published regional GM/volume d transferred through an assumed factor 0.35 to mean modulated GM intensity; lobar effects receive greater shrinkage. No cortical-thickness d is used.,S02;S06
AAL3,49,52,Lingual_R,occipital,Lingual,0.5,0.18,S06_Occipital_GM,-0.22,0.35,-0.077,0.15,published_volume_d_with_transfer_assumptions,Published regional GM/volume d transferred through an assumed factor 0.35 to mean modulated GM intensity; lobar effects receive greater shrinkage. No cortical-thickness d is used.,S02;S06
AAL3,50,53,Occipital_Sup_L,occipital,Occipital_Sup,0.5,0.18,S06_Occipital_GM,-0.22,0.35,-0.077,0.15,published_volume_d_with_transfer_assumptions,Published regional GM/volume d transferred through an assumed factor 0.35 to mean modulated GM intensity; lobar effects receive greater shrinkage. No cortical-thickness d is used.,S02;S06
AAL3,51,54,Occipital_Sup_R,occipital,Occipital_Sup,0.5,0.18,S06_Occipital_GM,-0.22,0.35,-0.077,0.15,published_volume_d_with_transfer_assumptions,Published regional GM/volume d transferred through an assumed factor 0.35 to mean modulated GM intensity; lobar effects receive greater shrinkage. No cortical-thickness d is used.,S02;S06
AAL3,52,55,Occipital_Mid_L,occipital,Occipital_Mid,0.5,0.18,S06_Occipital_GM,-0.22,0.35,-0.077,0.15,published_volume_d_with_transfer_assumptions,Published regional GM/volume d transferred through an assumed factor 0.35 to mean modulated GM intensity; lobar effects receive greater shrinkage. No cortical-thickness d is used.,S02;S06
AAL3,53,56,Occipital_Mid_R,occipital,Occipital_Mid,0.5,0.18,S06_Occipital_GM,-0.22,0.35,-0.077,0.15,published_volume_d_with_transfer_assumptions,Published regional GM/volume d transferred through an assumed factor 0.35 to mean modulated GM intensity; lobar effects receive greater shrinkage. No cortical-thickness d is used.,S02;S06
AAL3,54,57,Occipital_Inf_L,occipital,Occipital_Inf,0.5,0.18,S06_Occipital_GM,-0.22,0.35,-0.077,0.15,published_volume_d_with_transfer_assumptions,Published regional GM/volume d transferred through an assumed factor 0.35 to mean modulated GM intensity; lobar effects receive greater shrinkage. No cortical-thickness d is used.,S02;S06
AAL3,55,58,Occipital_Inf_R,occipital,Occipital_Inf,0.5,0.18,S06_Occipital_GM,-0.22,0.35,-0.077,0.15,published_volume_d_with_transfer_assumptions,Published regional GM/volume d transferred through an assumed factor 0.35 to mean modulated GM intensity; lobar effects receive greater shrinkage. No cortical-thickness d is used.,S02;S06
AAL3,56,59,Fusiform_L,temporal,Fusiform,0.5,0.18,S06_Fusiform,-0.52,0.6,-0.312,0.15,published_volume_d_with_transfer_assumptions,Published regional GM/volume d transferred through an assumed factor 0.6 to mean modulated GM intensity; lobar effects receive greater shrinkage. No cortical-thickness d is used.,S02;S06
AAL3,57,60,Fusiform_R,temporal,Fusiform,0.5,0.18,S06_Fusiform,-0.52,0.6,-0.312,0.15,published_volume_d_with_transfer_assumptions,Published regional GM/volume d transferred through an assumed factor 0.6 to mean modulated GM intensity; lobar effects receive greater shrinkage. No cortical-thickness d is used.,S02;S06
AAL3,58,61,Postcentral_L,parietal,Postcentral,0.5,0.18,S06_Parietal_GM,-0.31,0.35,-0.1085,0.15,published_volume_d_with_transfer_assumptions,Published regional GM/volume d transferred through an assumed factor 0.35 to mean modulated GM intensity; lobar effects receive greater shrinkage. No cortical-thickness d is used.,S02;S03;S06
AAL3,59,62,Postcentral_R,parietal,Postcentral,0.5,0.18,S06_Parietal_GM,-0.31,0.35,-0.1085,0.15,published_volume_d_with_transfer_assumptions,Published regional GM/volume d transferred through an assumed factor 0.35 to mean modulated GM intensity; lobar effects receive greater shrinkage. No cortical-thickness d is used.,S02;S03;S06
AAL3,60,63,Parietal_Sup_L,parietal,Parietal_Sup,0.5,0.18,S06_Parietal_GM,-0.31,0.35,-0.1085,0.15,published_volume_d_with_transfer_assumptions,Published regional GM/volume d transferred through an assumed factor 0.35 to mean modulated GM intensity; lobar effects receive greater shrinkage. No cortical-thickness d is used.,S02;S06
AAL3,61,64,Parietal_Sup_R,parietal,Parietal_Sup,0.5,0.18,S06_Parietal_GM,-0.31,0.35,-0.1085,0.15,published_volume_d_with_transfer_assumptions,Published regional GM/volume d transferred through an assumed factor 0.35 to mean modulated GM intensity; lobar effects receive greater shrinkage. No cortical-thickness d is used.,S02;S06
AAL3,62,65,Parietal_Inf_L,parietal,Parietal_Inf,0.5,0.18,S06_Parietal_GM,-0.31,0.35,-0.1085,0.15,published_volume_d_with_transfer_assumptions,Published regional GM/volume d transferred through an assumed factor 0.35 to mean modulated GM intensity; lobar effects receive greater shrinkage. No cortical-thickness d is used.,S02;S06
AAL3,63,66,Parietal_Inf_R,parietal,Parietal_Inf,0.5,0.18,S06_Parietal_GM,-0.31,0.35,-0.1085,0.15,published_volume_d_with_transfer_assumptions,Published regional GM/volume d transferred through an assumed factor 0.35 to mean modulated GM intensity; lobar effects receive greater shrinkage. No cortical-thickness d is used.,S02;S06
AAL3,64,67,SupraMarginal_L,parietal,SupraMarginal,0.5,0.18,S06_Parietal_GM,-0.31,0.35,-0.1085,0.15,published_volume_d_with_transfer_assumptions,Published regional GM/volume d transferred through an assumed factor 0.35 to mean modulated GM intensity; lobar effects receive greater shrinkage. No cortical-thickness d is used.,S02;S03;S06
AAL3,65,68,SupraMarginal_R,parietal,SupraMarginal,0.5,0.18,S06_Parietal_GM,-0.31,0.35,-0.1085,0.15,published_volume_d_with_transfer_assumptions,Published regional GM/volume d transferred through an assumed factor 0.35 to mean modulated GM intensity; lobar effects receive greater shrinkage. No cortical-thickness d is used.,S02;S03;S06
AAL3,66,69,Angular_L,parietal,Angular,0.5,0.18,S06_Parietal_GM,-0.31,0.35,-0.1085,0.15,published_volume_d_with_transfer_assumptions,Published regional GM/volume d transferred through an assumed factor 0.35 to mean modulated GM intensity; lobar effects receive greater shrinkage. No cortical-thickness d is used.,S02;S06
AAL3,67,70,Angular_R,parietal,Angular,0.5,0.18,S06_Parietal_GM,-0.31,0.35,-0.1085,0.15,published_volume_d_with_transfer_assumptions,Published regional GM/volume d transferred through an assumed factor 0.35 to mean modulated GM intensity; lobar effects receive greater shrinkage. No cortical-thickness d is used.,S02;S06
AAL3,68,71,Precuneus_L,parietal,Precuneus,0.5,0.18,S06_Parietal_GM,-0.31,0.35,-0.1085,0.15,published_volume_d_with_transfer_assumptions,Published regional GM/volume d transferred through an assumed factor 0.35 to mean modulated GM intensity; lobar effects receive greater shrinkage. No cortical-thickness d is used.,S02;S06
AAL3,69,72,Precuneus_R,parietal,Precuneus,0.5,0.18,S06_Parietal_GM,-0.31,0.35,-0.1085,0.15,published_volume_d_with_transfer_assumptions,Published regional GM/volume d transferred through an assumed factor 0.35 to mean modulated GM intensity; lobar effects receive greater shrinkage. No cortical-thickness d is used.,S02;S06
AAL3,70,73,Paracentral_Lobule_L,parietal,Paracentral_Lobule,0.5,0.18,S06_Parietal_GM,-0.31,0.35,-0.1085,0.15,published_volume_d_with_transfer_assumptions,Published regional GM/volume d transferred through an assumed factor 0.35 to mean modulated GM intensity; lobar effects receive greater shrinkage. No cortical-thickness d is used.,S02;S06
AAL3,71,74,Paracentral_Lobule_R,parietal,Paracentral_Lobule,0.5,0.18,S06_Parietal_GM,-0.31,0.35,-0.1085,0.15,published_volume_d_with_transfer_assumptions,Published regional GM/volume d transferred through an assumed factor 0.35 to mean modulated GM intensity; lobar effects receive greater shrinkage. No cortical-thickness d is used.,S02;S06
AAL3,72,75,Caudate_L,basal_ganglia,Caudate,0.5,0.18,S06_Caudate,-0.03,0.6,-0.018,0.15,published_volume_d_with_transfer_assumptions,Published regional GM/volume d transferred through an assumed factor 0.6 to mean modulated GM intensity; lobar effects receive greater shrinkage. No cortical-thickness d is used.,S01;S06;S17
AAL3,73,76,Caudate_R,basal_ganglia,Caudate,0.5,0.18,S06_Caudate,-0.03,0.6,-0.018,0.15,published_volume_d_with_transfer_assumptions,Published regional GM/volume d transferred through an assumed factor 0.6 to mean modulated GM intensity; lobar effects receive greater shrinkage. No cortical-thickness d is used.,S01;S06;S17
AAL3,74,77,Putamen_L,basal_ganglia,Putamen,0.5,0.18,S06_Putamen,0.1,0.6,0.06,0.15,published_volume_d_with_transfer_assumptions,Published regional GM/volume d transferred through an assumed factor 0.6 to mean modulated GM intensity; lobar effects receive greater shrinkage. No cortical-thickness d is used.,S01;S03;S06;S12;S17
AAL3,75,78,Putamen_R,basal_ganglia,Putamen,0.5,0.18,S06_Putamen,0.1,0.6,0.06,0.15,published_volume_d_with_transfer_assumptions,Published regional GM/volume d transferred through an assumed factor 0.6 to mean modulated GM intensity; lobar effects receive greater shrinkage. No cortical-thickness d is used.,S01;S03;S06;S12;S17
AAL3,76,79,Pallidum_L,basal_ganglia,Pallidum,0.5,0.18,S06_Pallidum,0.26,0.6,0.156,0.15,published_volume_d_with_transfer_assumptions,Published regional GM/volume d transferred through an assumed factor 0.6 to mean modulated GM intensity; lobar effects receive greater shrinkage. No cortical-thickness d is used.,S01;S06;S17
AAL3,77,80,Pallidum_R,basal_ganglia,Pallidum,0.5,0.18,S06_Pallidum,0.26,0.6,0.156,0.15,published_volume_d_with_transfer_assumptions,Published regional GM/volume d transferred through an assumed factor 0.6 to mean modulated GM intensity; lobar effects receive greater shrinkage. No cortical-thickness d is used.,S01;S06;S17;S18
AAL3,78,83,Heschl_L,temporal,Heschl,0.5,0.18,S06_Heschl,-0.29,0.6,-0.174,0.15,published_volume_d_with_transfer_assumptions,Published regional GM/volume d transferred through an assumed factor 0.6 to mean modulated GM intensity; lobar effects receive greater shrinkage. No cortical-thickness d is used.,S02;S03;S06
AAL3,79,84,Heschl_R,temporal,Heschl,0.5,0.18,S06_Heschl,-0.29,0.6,-0.174,0.15,published_volume_d_with_transfer_assumptions,Published regional GM/volume d transferred through an assumed factor 0.6 to mean modulated GM intensity; lobar effects receive greater shrinkage. No cortical-thickness d is used.,S02;S03;S06
AAL3,80,85,Temporal_Sup_L,temporal,Temporal_Sup,0.5,0.18,S06_Superior_Temporal_GM,-0.58,0.6,-0.348,0.15,published_volume_d_with_transfer_assumptions,Published regional GM/volume d transferred through an assumed factor 0.6 to mean modulated GM intensity; lobar effects receive greater shrinkage. No cortical-thickness d is used.,S02;S06
AAL3,81,86,Temporal_Sup_R,temporal,Temporal_Sup,0.5,0.18,S06_Superior_Temporal_GM,-0.58,0.6,-0.348,0.15,published_volume_d_with_transfer_assumptions,Published regional GM/volume d transferred through an assumed factor 0.6 to mean modulated GM intensity; lobar effects receive greater shrinkage. No cortical-thickness d is used.,S02;S06
AAL3,82,87,Temporal_Pole_Sup_L,temporal,Temporal_Pole_Sup,0.5,0.18,S06_Temporal_GM,-0.43,0.35,-0.1505,0.15,published_volume_d_with_transfer_assumptions,Published regional GM/volume d transferred through an assumed factor 0.35 to mean modulated GM intensity; lobar effects receive greater shrinkage. No cortical-thickness d is used.,S02;S03;S06
AAL3,83,88,Temporal_Pole_Sup_R,temporal,Temporal_Pole_Sup,0.5,0.18,S06_Temporal_GM,-0.43,0.35,-0.1505,0.15,published_volume_d_with_transfer_assumptions,Published regional GM/volume d transferred through an assumed factor 0.35 to mean modulated GM intensity; lobar effects receive greater shrinkage. No cortical-thickness d is used.,S02;S03;S06
AAL3,84,89,Temporal_Mid_L,temporal,Temporal_Mid,0.5,0.18,S06_Temporal_GM,-0.43,0.35,-0.1505,0.15,published_volume_d_with_transfer_assumptions,Published regional GM/volume d transferred through an assumed factor 0.35 to mean modulated GM intensity; lobar effects receive greater shrinkage. No cortical-thickness d is used.,S02;S03;S06
AAL3,85,90,Temporal_Mid_R,temporal,Temporal_Mid,0.5,0.18,S06_Temporal_GM,-0.43,0.35,-0.1505,0.15,published_volume_d_with_transfer_assumptions,Published regional GM/volume d transferred through an assumed factor 0.35 to mean modulated GM intensity; lobar effects receive greater shrinkage. No cortical-thickness d is used.,S02;S03;S06
AAL3,86,91,Temporal_Pole_Mid_L,temporal,Temporal_Pole_Mid,0.5,0.18,S06_Temporal_GM,-0.43,0.35,-0.1505,0.15,published_volume_d_with_transfer_assumptions,Published regional GM/volume d transferred through an assumed factor 0.35 to mean modulated GM intensity; lobar effects receive greater shrinkage. No cortical-thickness d is used.,S02;S06
AAL3,87,92,Temporal_Pole_Mid_R,temporal,Temporal_Pole_Mid,0.5,0.18,S06_Temporal_GM,-0.43,0.35,-0.1505,0.15,published_volume_d_with_transfer_assumptions,Published regional GM/volume d transferred through an assumed factor 0.35 to mean modulated GM intensity; lobar effects receive greater shrinkage. No cortical-thickness d is used.,S02;S06
AAL3,88,93,Temporal_Inf_L,temporal,Temporal_Inf,0.5,0.18,S06_Temporal_GM,-0.43,0.35,-0.1505,0.15,published_volume_d_with_transfer_assumptions,Published regional GM/volume d transferred through an assumed factor 0.35 to mean modulated GM intensity; lobar effects receive greater shrinkage. No cortical-thickness d is used.,S02;S06
AAL3,89,94,Temporal_Inf_R,temporal,Temporal_Inf,0.5,0.18,S06_Temporal_GM,-0.43,0.35,-0.1505,0.15,published_volume_d_with_transfer_assumptions,Published regional GM/volume d transferred through an assumed factor 0.35 to mean modulated GM intensity; lobar effects receive greater shrinkage. No cortical-thickness d is used.,S02;S06
AAL3,90,95,Cerebellum_Crus1_L,cerebellum,Cerebellum_Crus1,0.5,0.18,S05_lobule_Left_Crus_I,-0.27,0.5,-0.135,0.15,published_volume_d_with_transfer_assumptions,"SUIT GM-volume d transferred to AAL3 mean modulated GM through an assumed factor .5; multiple SUIT components combined by an equal-weight mean, not independent evidence weighting.",S04;S05;S16
AAL3,91,96,Cerebellum_Crus1_R,cerebellum,Cerebellum_Crus1,0.5,0.18,S05_lobule_Right_Crus_I,-0.25,0.5,-0.125,0.15,published_volume_d_with_transfer_assumptions,"SUIT GM-volume d transferred to AAL3 mean modulated GM through an assumed factor .5; multiple SUIT components combined by an equal-weight mean, not independent evidence weighting.",S05;S16
AAL3,92,97,Cerebellum_Crus2_L,cerebellum,Cerebellum_Crus2,0.5,0.18,S05_lobule_Left_Crus_II,-0.24,0.5,-0.12,0.15,published_volume_d_with_transfer_assumptions,"SUIT GM-volume d transferred to AAL3 mean modulated GM through an assumed factor .5; multiple SUIT components combined by an equal-weight mean, not independent evidence weighting.",S03;S04;S05;S16
AAL3,93,98,Cerebellum_Crus2_R,cerebellum,Cerebellum_Crus2,0.5,0.18,S05_lobule_Right_Crus_II,-0.24,0.5,-0.12,0.15,published_volume_d_with_transfer_assumptions,"SUIT GM-volume d transferred to AAL3 mean modulated GM through an assumed factor .5; multiple SUIT components combined by an equal-weight mean, not independent evidence weighting.",S05;S16
AAL3,94,99,Cerebellum_3_L,cerebellum,Cerebellum_3,0.5,0.18,S05_lobule_Left_I_IV,-0.08,0.5,-0.04,0.15,published_volume_d_with_transfer_assumptions,"SUIT GM-volume d transferred to AAL3 mean modulated GM through an assumed factor .5; multiple SUIT components combined by an equal-weight mean, not independent evidence weighting.",S05;S16
AAL3,95,100,Cerebellum_3_R,cerebellum,Cerebellum_3,0.5,0.18,S05_lobule_Right_I_IV,-0.04,0.5,-0.02,0.15,published_volume_d_with_transfer_assumptions,"SUIT GM-volume d transferred to AAL3 mean modulated GM through an assumed factor .5; multiple SUIT components combined by an equal-weight mean, not independent evidence weighting.",S05;S16
AAL3,96,101,Cerebellum_4_5_L,cerebellum,Cerebellum_4_5,0.5,0.18,S05_lobule_Left_V;S05_lobule_Left_I_IV,-0.095,0.5,-0.0475,0.15,published_volume_d_with_transfer_assumptions,"SUIT GM-volume d transferred to AAL3 mean modulated GM through an assumed factor .5; multiple SUIT components combined by an equal-weight mean, not independent evidence weighting.",S05;S16
AAL3,97,102,Cerebellum_4_5_R,cerebellum,Cerebellum_4_5,0.5,0.18,S05_lobule_Right_V;S05_lobule_Right_I_IV,-0.08,0.5,-0.04,0.15,published_volume_d_with_transfer_assumptions,"SUIT GM-volume d transferred to AAL3 mean modulated GM through an assumed factor .5; multiple SUIT components combined by an equal-weight mean, not independent evidence weighting.",S05;S16
AAL3,98,103,Cerebellum_6_L,cerebellum,Cerebellum_6,0.5,0.18,S05_lobule_Left_VI,-0.27,0.5,-0.135,0.15,published_volume_d_with_transfer_assumptions,"SUIT GM-volume d transferred to AAL3 mean modulated GM through an assumed factor .5; multiple SUIT components combined by an equal-weight mean, not independent evidence weighting.",S04;S05;S16
AAL3,99,104,Cerebellum_6_R,cerebellum,Cerebellum_6,0.5,0.18,S05_lobule_Right_VI,-0.27,0.5,-0.135,0.15,published_volume_d_with_transfer_assumptions,"SUIT GM-volume d transferred to AAL3 mean modulated GM through an assumed factor .5; multiple SUIT components combined by an equal-weight mean, not independent evidence weighting.",S04;S05;S16
AAL3,100,105,Cerebellum_7b_L,cerebellum,Cerebellum_7b,0.5,0.18,S05_lobule_Left_VIIb,-0.18,0.5,-0.09,0.15,published_volume_d_with_transfer_assumptions,"SUIT GM-volume d transferred to AAL3 mean modulated GM through an assumed factor .5; multiple SUIT components combined by an equal-weight mean, not independent evidence weighting.",S03;S04;S05;S16
AAL3,101,106,Cerebellum_7b_R,cerebellum,Cerebellum_7b,0.5,0.18,S05_lobule_Right_VIIb,-0.23,0.5,-0.115,0.15,published_volume_d_with_transfer_assumptions,"SUIT GM-volume d transferred to AAL3 mean modulated GM through an assumed factor .5; multiple SUIT components combined by an equal-weight mean, not independent evidence weighting.",S05;S16
AAL3,102,107,Cerebellum_8_L,cerebellum,Cerebellum_8,0.5,0.18,S05_lobule_Left_VIIIb;S05_lobule_Left_VIIIa,-0.185,0.5,-0.0925,0.15,published_volume_d_with_transfer_assumptions,"SUIT GM-volume d transferred to AAL3 mean modulated GM through an assumed factor .5; multiple SUIT components combined by an equal-weight mean, not independent evidence weighting.",S04;S05;S16
AAL3,103,108,Cerebellum_8_R,cerebellum,Cerebellum_8,0.5,0.18,S05_lobule_Right_VIIIa;S05_lobule_Right_VIIIb,-0.14,0.5,-0.07,0.15,published_volume_d_with_transfer_assumptions,"SUIT GM-volume d transferred to AAL3 mean modulated GM through an assumed factor .5; multiple SUIT components combined by an equal-weight mean, not independent evidence weighting.",S04;S05;S16
AAL3,104,109,Cerebellum_9_L,cerebellum,Cerebellum_9,0.5,0.18,S05_lobule_Left_IX,-0.25,0.5,-0.125,0.15,published_volume_d_with_transfer_assumptions,"SUIT GM-volume d transferred to AAL3 mean modulated GM through an assumed factor .5; multiple SUIT components combined by an equal-weight mean, not independent evidence weighting.",S05;S16
AAL3,105,110,Cerebellum_9_R,cerebellum,Cerebellum_9,0.5,0.18,S05_lobule_Right_IX,-0.21,0.5,-0.105,0.15,published_volume_d_with_transfer_assumptions,"SUIT GM-volume d transferred to AAL3 mean modulated GM through an assumed factor .5; multiple SUIT components combined by an equal-weight mean, not independent evidence weighting.",S04;S05;S16
AAL3,106,111,Cerebellum_10_L,cerebellum,Cerebellum_10,0.5,0.18,S05_lobule_Left_X,-0.28,0.5,-0.14,0.15,published_volume_d_with_transfer_assumptions,"SUIT GM-volume d transferred to AAL3 mean modulated GM through an assumed factor .5; multiple SUIT components combined by an equal-weight mean, not independent evidence weighting.",S05;S16
AAL3,107,112,Cerebellum_10_R,cerebellum,Cerebellum_10,0.5,0.18,S05_lobule_Right_X,-0.28,0.5,-0.14,0.15,published_volume_d_with_transfer_assumptions,"SUIT GM-volume d transferred to AAL3 mean modulated GM through an assumed factor .5; multiple SUIT components combined by an equal-weight mean, not independent evidence weighting.",S05;S16
AAL3,108,113,Vermis_1_2,cerebellum,Vermis_1_2,0.5,0.18,S05_total;S16_regional_null,,,0.0,0.2,explicit_assumption,"No matched lobular estimate verified for this fine vermis parcel; neutral central prior with explicit uncertainty, not evidence of no association.",S05;S16
AAL3,109,114,Vermis_3,cerebellum,Vermis_3,0.5,0.18,S05_total;S16_regional_null,,,0.0,0.2,explicit_assumption,"No matched lobular estimate verified for this fine vermis parcel; neutral central prior with explicit uncertainty, not evidence of no association.",S05;S16
AAL3,110,115,Vermis_4_5,cerebellum,Vermis_4_5,0.5,0.18,S05_total;S16_regional_null,,,0.0,0.2,explicit_assumption,"No matched lobular estimate verified for this fine vermis parcel; neutral central prior with explicit uncertainty, not evidence of no association.",S05;S16
AAL3,111,116,Vermis_6,cerebellum,Vermis_6,0.5,0.18,S05_lobule_Vermis_VI,-0.21,0.5,-0.105,0.15,published_volume_d_with_transfer_assumptions,"SUIT GM-volume d transferred to AAL3 mean modulated GM through an assumed factor .5; multiple SUIT components combined by an equal-weight mean, not independent evidence weighting.",S05;S16
AAL3,112,117,Vermis_7,cerebellum,Vermis_7,0.5,0.18,S05_lobule_Vermis_VIIb;S05_lobule_Vermis_Crus_II;S05_lobule_Vermis_Crus_I,-0.09333333333333334,0.5,-0.04666666666666667,0.15,published_volume_d_with_transfer_assumptions,"SUIT GM-volume d transferred to AAL3 mean modulated GM through an assumed factor .5; multiple SUIT components combined by an equal-weight mean, not independent evidence weighting.",S04;S05;S16
AAL3,113,118,Vermis_8,cerebellum,Vermis_8,0.5,0.18,S05_lobule_Vermis_VIIIb;S05_lobule_Vermis_VIIIa,-0.175,0.5,-0.0875,0.15,published_volume_d_with_transfer_assumptions,"SUIT GM-volume d transferred to AAL3 mean modulated GM through an assumed factor .5; multiple SUIT components combined by an equal-weight mean, not independent evidence weighting.",S05;S16
AAL3,114,119,Vermis_9,cerebellum,Vermis_9,0.5,0.18,S05_lobule_Vermis_IX,-0.27,0.5,-0.135,0.15,published_volume_d_with_transfer_assumptions,"SUIT GM-volume d transferred to AAL3 mean modulated GM through an assumed factor .5; multiple SUIT components combined by an equal-weight mean, not independent evidence weighting.",S05;S16
AAL3,115,120,Vermis_10,cerebellum,Vermis_10,0.5,0.18,S05_lobule_Vermis_X,-0.16,0.5,-0.08,0.15,published_volume_d_with_transfer_assumptions,"SUIT GM-volume d transferred to AAL3 mean modulated GM through an assumed factor .5; multiple SUIT components combined by an equal-weight mean, not independent evidence weighting.",S05;S16
AAL3,116,121,Thal_AV_L,thalamus,Thal_AV,0.5,0.18,S01_Thalamus,-0.31,0.0,-0.0,0.2,published_volume_d_with_transfer_assumptions,Whole-thalamus d redistributed by assumed nuclear-group transfer factor; supported group pattern is from S08/S09/S10/S22. Factor is not a measured nuclear effect. Ventral/intralaminar relative sparing is not absolute increase.,S03;S09;S10;S22
AAL3,117,122,Thal_AV_R,thalamus,Thal_AV,0.5,0.18,S01_Thalamus,-0.31,0.0,-0.0,0.2,published_volume_d_with_transfer_assumptions,Whole-thalamus d redistributed by assumed nuclear-group transfer factor; supported group pattern is from S08/S09/S10/S22. Factor is not a measured nuclear effect. Ventral/intralaminar relative sparing is not absolute increase.,S03;S09;S10;S22
AAL3,118,123,Thal_LP_L,thalamus,Thal_LP,0.5,0.18,S01_Thalamus,-0.31,0.45,-0.1395,0.2,published_volume_d_with_transfer_assumptions,Whole-thalamus d redistributed by assumed nuclear-group transfer factor; supported group pattern is from S08/S09/S10/S22. Factor is not a measured nuclear effect. Ventral/intralaminar relative sparing is not absolute increase.,S03;S09;S10;S22
AAL3,119,124,Thal_LP_R,thalamus,Thal_LP,0.5,0.18,S01_Thalamus,-0.31,0.45,-0.1395,0.2,published_volume_d_with_transfer_assumptions,Whole-thalamus d redistributed by assumed nuclear-group transfer factor; supported group pattern is from S08/S09/S10/S22. Factor is not a measured nuclear effect. Ventral/intralaminar relative sparing is not absolute increase.,S03;S09;S10;S22
AAL3,120,125,Thal_VA_L,thalamus,Thal_VA,0.5,0.18,S01_Thalamus,-0.31,0.0,-0.0,0.2,published_volume_d_with_transfer_assumptions,Whole-thalamus d redistributed by assumed nuclear-group transfer factor; supported group pattern is from S08/S09/S10/S22. Factor is not a measured nuclear effect. Ventral/intralaminar relative sparing is not absolute increase.,S03;S09;S10;S22
AAL3,121,126,Thal_VA_R,thalamus,Thal_VA,0.5,0.18,S01_Thalamus,-0.31,0.0,-0.0,0.2,published_volume_d_with_transfer_assumptions,Whole-thalamus d redistributed by assumed nuclear-group transfer factor; supported group pattern is from S08/S09/S10/S22. Factor is not a measured nuclear effect. Ventral/intralaminar relative sparing is not absolute increase.,S03;S09;S10;S22
AAL3,122,127,Thal_VL_L,thalamus,Thal_VL,0.5,0.18,S01_Thalamus,-0.31,0.0,-0.0,0.2,published_volume_d_with_transfer_assumptions,Whole-thalamus d redistributed by assumed nuclear-group transfer factor; supported group pattern is from S08/S09/S10/S22. Factor is not a measured nuclear effect. Ventral/intralaminar relative sparing is not absolute increase.,S03;S09;S10;S22
AAL3,123,128,Thal_VL_R,thalamus,Thal_VL,0.5,0.18,S01_Thalamus,-0.31,0.0,-0.0,0.2,published_volume_d_with_transfer_assumptions,Whole-thalamus d redistributed by assumed nuclear-group transfer factor; supported group pattern is from S08/S09/S10/S22. Factor is not a measured nuclear effect. Ventral/intralaminar relative sparing is not absolute increase.,S03;S09;S10;S22
AAL3,124,129,Thal_VPL_L,thalamus,Thal_VPL,0.5,0.18,S01_Thalamus,-0.31,0.0,-0.0,0.2,published_volume_d_with_transfer_assumptions,Whole-thalamus d redistributed by assumed nuclear-group transfer factor; supported group pattern is from S08/S09/S10/S22. Factor is not a measured nuclear effect. Ventral/intralaminar relative sparing is not absolute increase.,S03;S09;S10;S22
AAL3,125,130,Thal_VPL_R,thalamus,Thal_VPL,0.5,0.18,S01_Thalamus,-0.31,0.0,-0.0,0.2,published_volume_d_with_transfer_assumptions,Whole-thalamus d redistributed by assumed nuclear-group transfer factor; supported group pattern is from S08/S09/S10/S22. Factor is not a measured nuclear effect. Ventral/intralaminar relative sparing is not absolute increase.,S03;S09;S10;S22
AAL3,126,131,Thal_IL_L,thalamus,Thal_IL,0.5,0.18,S01_Thalamus,-0.31,0.0,-0.0,0.2,published_volume_d_with_transfer_assumptions,Whole-thalamus d redistributed by assumed nuclear-group transfer factor; supported group pattern is from S08/S09/S10/S22. Factor is not a measured nuclear effect. Ventral/intralaminar relative sparing is not absolute increase.,S03;S09;S10;S22
AAL3,127,132,Thal_IL_R,thalamus,Thal_IL,0.5,0.18,S01_Thalamus,-0.31,0.0,-0.0,0.2,published_volume_d_with_transfer_assumptions,Whole-thalamus d redistributed by assumed nuclear-group transfer factor; supported group pattern is from S08/S09/S10/S22. Factor is not a measured nuclear effect. Ventral/intralaminar relative sparing is not absolute increase.,S03;S09;S10;S22
AAL3,128,133,Thal_Re_L,thalamus,Thal_Re,0.5,0.18,S01_Thalamus,-0.31,0.35,-0.1085,0.2,published_volume_d_with_transfer_assumptions,Whole-thalamus d redistributed by assumed nuclear-group transfer factor; supported group pattern is from S08/S09/S10/S22. Factor is not a measured nuclear effect. Ventral/intralaminar relative sparing is not absolute increase.,S03;S09;S10;S22
AAL3,129,134,Thal_Re_R,thalamus,Thal_Re,0.5,0.18,S01_Thalamus,-0.31,0.35,-0.1085,0.2,published_volume_d_with_transfer_assumptions,Whole-thalamus d redistributed by assumed nuclear-group transfer factor; supported group pattern is from S08/S09/S10/S22. Factor is not a measured nuclear effect. Ventral/intralaminar relative sparing is not absolute increase.,S03;S09;S10;S22
AAL3,130,135,Thal_MDm_L,thalamus,Thal_MDm,0.5,0.18,S01_Thalamus,-0.31,0.65,-0.2015,0.2,published_volume_d_with_transfer_assumptions,Whole-thalamus d redistributed by assumed nuclear-group transfer factor; supported group pattern is from S08/S09/S10/S22. Factor is not a measured nuclear effect. Ventral/intralaminar relative sparing is not absolute increase.,S03;S08;S09;S10;S22;S23
AAL3,131,136,Thal_MDm_R,thalamus,Thal_MDm,0.5,0.18,S01_Thalamus,-0.31,0.65,-0.2015,0.2,published_volume_d_with_transfer_assumptions,Whole-thalamus d redistributed by assumed nuclear-group transfer factor; supported group pattern is from S08/S09/S10/S22. Factor is not a measured nuclear effect. Ventral/intralaminar relative sparing is not absolute increase.,S03;S08;S09;S10;S22;S23
AAL3,132,137,Thal_MDl_L,thalamus,Thal_MDl,0.5,0.18,S01_Thalamus,-0.31,0.65,-0.2015,0.2,published_volume_d_with_transfer_assumptions,Whole-thalamus d redistributed by assumed nuclear-group transfer factor; supported group pattern is from S08/S09/S10/S22. Factor is not a measured nuclear effect. Ventral/intralaminar relative sparing is not absolute increase.,S03;S08;S09;S10;S22;S23
AAL3,133,138,Thal_MDl_R,thalamus,Thal_MDl,0.5,0.18,S01_Thalamus,-0.31,0.65,-0.2015,0.2,published_volume_d_with_transfer_assumptions,Whole-thalamus d redistributed by assumed nuclear-group transfer factor; supported group pattern is from S08/S09/S10/S22. Factor is not a measured nuclear effect. Ventral/intralaminar relative sparing is not absolute increase.,S03;S08;S09;S10;S22;S23
AAL3,134,139,Thal_LGN_L,thalamus,Thal_LGN,0.5,0.18,S01_Thalamus,-0.31,0.25,-0.0775,0.2,published_volume_d_with_transfer_assumptions,Whole-thalamus d redistributed by assumed nuclear-group transfer factor; supported group pattern is from S08/S09/S10/S22. Factor is not a measured nuclear effect. Ventral/intralaminar relative sparing is not absolute increase. Hallucination-subtype variation prevents a universal effect; weak prior retained.,S03;S08;S10;S22;S23
AAL3,135,140,Thal_LGN_R,thalamus,Thal_LGN,0.5,0.18,S01_Thalamus,-0.31,0.25,-0.0775,0.2,published_volume_d_with_transfer_assumptions,Whole-thalamus d redistributed by assumed nuclear-group transfer factor; supported group pattern is from S08/S09/S10/S22. Factor is not a measured nuclear effect. Ventral/intralaminar relative sparing is not absolute increase. Hallucination-subtype variation prevents a universal effect; weak prior retained.,S03;S08;S10;S22
AAL3,136,141,Thal_MGN_L,thalamus,Thal_MGN,0.5,0.18,S01_Thalamus,-0.31,0.2,-0.062,0.2,published_volume_d_with_transfer_assumptions,Whole-thalamus d redistributed by assumed nuclear-group transfer factor; supported group pattern is from S08/S09/S10/S22. Factor is not a measured nuclear effect. Ventral/intralaminar relative sparing is not absolute increase. Hallucination-subtype variation prevents a universal effect; weak prior retained.,S03;S08;S10;S22
AAL3,137,142,Thal_MGN_R,thalamus,Thal_MGN,0.5,0.18,S01_Thalamus,-0.31,0.2,-0.062,0.2,published_volume_d_with_transfer_assumptions,Whole-thalamus d redistributed by assumed nuclear-group transfer factor; supported group pattern is from S08/S09/S10/S22. Factor is not a measured nuclear effect. Ventral/intralaminar relative sparing is not absolute increase. Hallucination-subtype variation prevents a universal effect; weak prior retained.,S03;S08;S10;S22;S23
AAL3,138,143,Thal_PuI_L,thalamus,Thal_PuI,0.5,0.18,S01_Thalamus,-0.31,0.3,-0.093,0.2,published_volume_d_with_transfer_assumptions,Whole-thalamus d redistributed by assumed nuclear-group transfer factor; supported group pattern is from S08/S09/S10/S22. Factor is not a measured nuclear effect. Ventral/intralaminar relative sparing is not absolute increase. S23 has an internal sign contradiction and is excluded from signed calibration.,S03;S08;S09;S10;S22;S23
AAL3,139,144,Thal_PuI_R,thalamus,Thal_PuI,0.5,0.18,S01_Thalamus,-0.31,0.3,-0.093,0.2,published_volume_d_with_transfer_assumptions,Whole-thalamus d redistributed by assumed nuclear-group transfer factor; supported group pattern is from S08/S09/S10/S22. Factor is not a measured nuclear effect. Ventral/intralaminar relative sparing is not absolute increase. S23 has an internal sign contradiction and is excluded from signed calibration.,S03;S08;S09;S10;S22
AAL3,140,145,Thal_PuM_L,thalamus,Thal_PuM,0.5,0.18,S01_Thalamus,-0.31,0.45,-0.1395,0.2,published_volume_d_with_transfer_assumptions,Whole-thalamus d redistributed by assumed nuclear-group transfer factor; supported group pattern is from S08/S09/S10/S22. Factor is not a measured nuclear effect. Ventral/intralaminar relative sparing is not absolute increase.,S03;S08;S09;S10;S22
AAL3,141,146,Thal_PuM_R,thalamus,Thal_PuM,0.5,0.18,S01_Thalamus,-0.31,0.45,-0.1395,0.2,published_volume_d_with_transfer_assumptions,Whole-thalamus d redistributed by assumed nuclear-group transfer factor; supported group pattern is from S08/S09/S10/S22. Factor is not a measured nuclear effect. Ventral/intralaminar relative sparing is not absolute increase.,S03;S08;S09;S10;S22
AAL3,142,147,Thal_PuA_L,thalamus,Thal_PuA,0.5,0.18,S01_Thalamus,-0.31,0.45,-0.1395,0.2,published_volume_d_with_transfer_assumptions,Whole-thalamus d redistributed by assumed nuclear-group transfer factor; supported group pattern is from S08/S09/S10/S22. Factor is not a measured nuclear effect. Ventral/intralaminar relative sparing is not absolute increase.,S03;S08;S09;S10;S22;S23
AAL3,143,148,Thal_PuA_R,thalamus,Thal_PuA,0.5,0.18,S01_Thalamus,-0.31,0.45,-0.1395,0.2,published_volume_d_with_transfer_assumptions,Whole-thalamus d redistributed by assumed nuclear-group transfer factor; supported group pattern is from S08/S09/S10/S22. Factor is not a measured nuclear effect. Ventral/intralaminar relative sparing is not absolute increase.,S03;S08;S09;S10;S22;S23
AAL3,144,149,Thal_PuL_L,thalamus,Thal_PuL,0.5,0.18,S01_Thalamus,-0.31,0.4,-0.124,0.2,published_volume_d_with_transfer_assumptions,Whole-thalamus d redistributed by assumed nuclear-group transfer factor; supported group pattern is from S08/S09/S10/S22. Factor is not a measured nuclear effect. Ventral/intralaminar relative sparing is not absolute increase.,S03;S08;S09;S10;S22
AAL3,145,150,Thal_PuL_R,thalamus,Thal_PuL,0.5,0.18,S01_Thalamus,-0.31,0.4,-0.124,0.2,published_volume_d_with_transfer_assumptions,Whole-thalamus d redistributed by assumed nuclear-group transfer factor; supported group pattern is from S08/S09/S10/S22. Factor is not a measured nuclear effect. Ventral/intralaminar relative sparing is not absolute increase.,S03;S08;S09;S10;S22
AAL3,146,151,ACC_sub_L,limbic,ACC_sub,0.5,0.18,S06_ACC,-0.34,0.6,-0.20400000000000001,0.15,published_volume_d_with_transfer_assumptions,Published regional GM/volume d transferred through an assumed factor 0.6 to mean modulated GM intensity; lobar effects receive greater shrinkage. No cortical-thickness d is used.,S02;S03;S06
AAL3,147,152,ACC_sub_R,limbic,ACC_sub,0.5,0.18,S06_ACC,-0.34,0.6,-0.20400000000000001,0.15,published_volume_d_with_transfer_assumptions,Published regional GM/volume d transferred through an assumed factor 0.6 to mean modulated GM intensity; lobar effects receive greater shrinkage. No cortical-thickness d is used.,S02;S03;S06
AAL3,148,153,ACC_pre_L,limbic,ACC_pre,0.5,0.18,S06_ACC,-0.34,0.6,-0.20400000000000001,0.15,published_volume_d_with_transfer_assumptions,Published regional GM/volume d transferred through an assumed factor 0.6 to mean modulated GM intensity; lobar effects receive greater shrinkage. No cortical-thickness d is used.,S02;S03;S06
AAL3,149,154,ACC_pre_R,limbic,ACC_pre,0.5,0.18,S06_ACC,-0.34,0.6,-0.20400000000000001,0.15,published_volume_d_with_transfer_assumptions,Published regional GM/volume d transferred through an assumed factor 0.6 to mean modulated GM intensity; lobar effects receive greater shrinkage. No cortical-thickness d is used.,S02;S03;S06
AAL3,150,155,ACC_sup_L,limbic,ACC_sup,0.5,0.18,S06_ACC,-0.34,0.6,-0.20400000000000001,0.15,published_volume_d_with_transfer_assumptions,Published regional GM/volume d transferred through an assumed factor 0.6 to mean modulated GM intensity; lobar effects receive greater shrinkage. No cortical-thickness d is used.,S02;S03;S06
AAL3,151,156,ACC_sup_R,limbic,ACC_sup,0.5,0.18,S06_ACC,-0.34,0.6,-0.20400000000000001,0.15,published_volume_d_with_transfer_assumptions,Published regional GM/volume d transferred through an assumed factor 0.6 to mean modulated GM intensity; lobar effects receive greater shrinkage. No cortical-thickness d is used.,S02;S03;S06
AAL3,152,157,N_Acc_L,basal_ganglia,N_Acc,0.5,0.18,S06_Accumbens,-0.29,0.6,-0.174,0.15,published_volume_d_with_transfer_assumptions,Published regional GM/volume d transferred through an assumed factor 0.6 to mean modulated GM intensity; lobar effects receive greater shrinkage. No cortical-thickness d is used.,S01;S06
AAL3,153,158,N_Acc_R,basal_ganglia,N_Acc,0.5,0.18,S06_Accumbens,-0.29,0.6,-0.174,0.15,published_volume_d_with_transfer_assumptions,Published regional GM/volume d transferred through an assumed factor 0.6 to mean modulated GM intensity; lobar effects receive greater shrinkage. No cortical-thickness d is used.,S01;S06
AAL3,154,159,VTA_L,brainstem,VTA,0.5,0.18,S19_midbrain;S24_VTA_signal,,,0.0,0.2,explicit_assumption,"No reliable matching AAL3 GM-intensity direction; neutral central effect. Other-modality or nonsignificant evidence is retained in coverage, not forced negative.",S19;S24
AAL3,155,160,VTA_R,brainstem,VTA,0.5,0.18,S19_midbrain;S24_VTA_signal,,,0.0,0.2,explicit_assumption,"No reliable matching AAL3 GM-intensity direction; neutral central effect. Other-modality or nonsignificant evidence is retained in coverage, not forced negative.",S19;S24
AAL3,156,161,SN_pc_L,brainstem,SN_pc,0.5,0.18,S12_SN;S11_SN,,,0.05,0.2,explicit_assumption,Weak assumed whole-SN volumetric direction in FES versus a small-study null; pc/pr not resolved. Neuromelanin and QSM values are not transferred.,S11;S12;S24
AAL3,157,162,SN_pc_R,brainstem,SN_pc,0.5,0.18,S12_SN;S11_SN,,,0.05,0.2,explicit_assumption,Weak assumed whole-SN volumetric direction in FES versus a small-study null; pc/pr not resolved. Neuromelanin and QSM values are not transferred.,S11;S12;S24
AAL3,158,163,SN_pr_L,brainstem,SN_pr,0.5,0.18,S12_SN;S11_SN,,,0.05,0.2,explicit_assumption,Weak assumed whole-SN volumetric direction in FES versus a small-study null; pc/pr not resolved. Neuromelanin and QSM values are not transferred.,S11;S12
AAL3,159,164,SN_pr_R,brainstem,SN_pr,0.5,0.18,S12_SN;S11_SN,,,0.05,0.2,explicit_assumption,Weak assumed whole-SN volumetric direction in FES versus a small-study null; pc/pr not resolved. Neuromelanin and QSM values are not transferred.,S11;S12
AAL3,160,165,Red_N_L,brainstem,Red_N,0.5,0.18,S11_Red_N,,,0.0,0.2,explicit_assumption,"No reliable matching AAL3 GM-intensity direction; neutral central effect. Other-modality or nonsignificant evidence is retained in coverage, not forced negative.",S11
AAL3,161,166,Red_N_R,brainstem,Red_N,0.5,0.18,S11_Red_N,,,0.0,0.2,explicit_assumption,"No reliable matching AAL3 GM-intensity direction; neutral central effect. Other-modality or nonsignificant evidence is retained in coverage, not forced negative.",S11
AAL3,162,167,LC_L,brainstem,LC,0.5,0.18,S14_LC;S13_LC_cells,,,0.0,0.2,explicit_assumption,"No reliable matching AAL3 GM-intensity direction; neutral central effect. Other-modality or nonsignificant evidence is retained in coverage, not forced negative.",S13;S14
AAL3,163,168,LC_R,brainstem,LC,0.5,0.18,S14_LC;S13_LC_cells,,,0.0,0.2,explicit_assumption,"No reliable matching AAL3 GM-intensity direction; neutral central effect. Other-modality or nonsignificant evidence is retained in coverage, not forced negative.",S13;S14
AAL3,164,169,Raphe_D,brainstem,Raphe_D,0.5,0.18,S15_raphe,,,0.0,0.2,explicit_assumption,"No reliable matching AAL3 GM-intensity direction; neutral central effect. Other-modality or nonsignificant evidence is retained in coverage, not forced negative.",S15
AAL3,165,170,Raphe_M,brainstem,Raphe_M,0.5,0.18,S15_raphe,,,0.0,0.2,explicit_assumption,"No reliable matching AAL3 GM-intensity direction; neutral central effect. Other-modality or nonsignificant evidence is retained in coverage, not forced negative.",S15
